,bathrooms,bedrooms,beds,accommodates,guests_included,distance_to_dam,distance_to_metro,review_scores_accuracy,review_scores_location,review_scores_value
11493,1.0,1.0,1.0,2,1,1.33163764621,1.77452210373,10.0,10.0,10.0
8996,1.0,1.0,1.0,2,1,3.7713823782,0.787598720471,0.0,0.0,0.0
6746,1.0,1.0,1.0,2,1,2.18301550192,1.9151054366,10.0,10.0,10.0
5342,1.5,1.0,2.0,4,2,2.7397909652,0.91818269094,10.0,9.0,9.0
8331,1.0,1.0,1.0,2,0,1.91180958152,0.54632874264,10.0,10.0,10.0
8825,1.0,1.0,1.0,2,2,2.54883541808,1.40953648083,10.0,10.0,9.0
10629,1.0,1.0,1.0,2,1,2.35314988436,1.79842206997,10.0,9.0,9.0
1020,1.0,2.0,2.0,4,2,6.91326284231,3.65384127297,0.0,0.0,0.0
12424,1.0,1.0,1.0,2,1,3.03421221549,1.43109616718,10.0,9.0,9.0
12764,1.0,3.0,3.0,4,1,2.39293480029,1.42811257801,10.0,10.0,9.0
4443,1.0,3.0,3.0,5,2,2.10734299386,1.59425451672,9.0,9.0,9.0
6421,1.0,1.0,1.0,2,2,2.32967954241,1.80366129431,10.0,8.0,8.0
10214,1.0,2.0,2.0,4,2,2.20611743497,2.25224231816,8.0,10.0,8.0
12125,1.0,1.0,2.0,3,1,2.15825981792,2.06331633799,10.0,10.0,9.0
12232,1.0,1.0,1.0,2,1,2.21483675314,1.72843167824,9.0,9.0,8.0
6558,1.0,2.0,3.0,4,1,1.92046328003,1.94692510454,10.0,9.0,9.0
11778,1.0,1.0,1.0,2,2,2.82035295922,1.15373235398,10.0,9.0,10.0
2219,1.0,1.0,1.0,2,1,1.24015036774,1.27668364322,10.0,9.0,10.0
5381,1.0,1.0,1.0,2,1,2.55738593258,0.132272006835,0.0,0.0,0.0
7344,1.0,1.0,1.0,2,1,3.54639107402,0.685613236814,10.0,9.0,10.0
6028,1.0,0.0,1.0,2,1,4.11399839022,0.0177914678178,0.0,0.0,0.0
7675,1.0,1.0,1.0,2,1,3.70603214715,1.04584882361,0.0,0.0,0.0
2110,1.0,1.0,1.0,2,2,0.928526368324,1.44902285448,9.0,10.0,9.0
8345,1.0,2.0,2.0,4,2,1.82329245594,0.790838065655,10.0,10.0,9.0
11075,1.0,1.0,1.0,1,1,2.51967334499,1.9691770842,10.0,9.0,9.0
8234,1.0,0.0,2.0,3,2,1.94717204983,1.48561826627,10.0,10.0,10.0
6381,1.5,2.0,2.0,4,1,1.34069071788,1.63527732101,10.0,10.0,10.0
6288,1.0,1.0,1.0,2,1,1.80680607327,1.97922685975,9.0,9.0,9.0
8759,1.0,1.0,1.0,3,1,3.26634849213,0.770189993832,10.0,10.0,10.0
11741,1.0,1.0,2.0,4,1,3.08340431073,1.24579932355,9.0,8.0,8.0
12738,1.0,1.0,1.0,2,2,2.69589800409,1.11656461622,7.0,9.0,9.0
3580,1.0,3.0,3.0,5,2,3.02954179986,1.91157914092,10.0,9.0,10.0
9996,1.0,1.0,2.0,2,1,5.49013691007,1.08155148552,10.0,9.0,9.0
5483,1.0,2.0,2.0,4,2,2.67933888185,1.3152673567,10.0,9.0,9.0
3083,1.0,1.0,1.0,2,1,2.8687634478,1.63821627804,10.0,9.0,9.0
8374,0.5,1.0,1.0,2,1,2.06523423652,0.705054556603,0.0,0.0,0.0
2602,1.5,1.0,2.0,2,1,0.810290253956,1.23478231856,10.0,10.0,8.0
13061,1.0,1.0,1.0,2,1,2.66411224028,1.21131780954,10.0,10.0,8.0
3283,1.0,1.0,2.0,2,2,3.20826591386,1.84619679271,0.0,0.0,0.0
4180,1.0,0.0,1.0,2,2,1.90893434258,1.3660013338,10.0,9.0,9.0
3117,1.0,1.0,2.0,2,1,2.91014464405,1.68190511441,0.0,0.0,0.0
12065,1.0,1.0,2.0,2,2,1.80323541163,2.02744651058,10.0,10.0,9.0
3947,1.0,1.0,2.0,4,2,1.07371436555,0.512524883484,10.0,10.0,9.0
6991,1.0,1.0,1.0,2,1,2.15243291584,1.82593818588,10.0,10.0,9.0
10512,1.5,1.0,1.0,2,2,1.34775168522,1.75478891422,10.0,9.0,9.0
13752,1.0,2.0,2.0,2,2,7.90743886684,3.47873136913,9.0,9.0,9.0
5087,1.0,1.0,1.0,2,1,2.78008576119,0.890632387511,0.0,0.0,0.0
3154,1.0,1.0,1.0,2,2,3.15598748436,1.9474870204,10.0,9.0,9.0
9280,1.0,1.0,2.0,4,1,2.73872896293,1.24247303386,0.0,0.0,0.0
4742,1.0,0.0,1.0,2,1,1.11192520064,1.08262415233,9.0,10.0,9.0
5288,1.0,2.0,2.0,4,1,2.87377289954,0.873262018026,10.0,10.0,10.0
4421,1.0,1.0,2.0,4,2,0.938625916324,1.04724090884,9.0,10.0,7.0
724,1.0,1.0,1.0,1,1,1.96099631749,1.18473784102,10.0,10.0,10.0
9250,1.0,1.0,1.0,2,2,3.64569734016,1.31298844281,9.0,9.0,8.0
9865,1.0,1.0,1.0,2,1,4.29649807188,0.832154656019,0.0,0.0,0.0
10664,1.0,1.0,1.0,2,1,1.94634197908,2.2532978592,10.0,10.0,10.0
5686,1.0,3.0,2.0,5,5,2.87034030409,1.42297131542,9.0,8.0,10.0
7909,1.0,2.0,2.0,4,2,2.20859133076,0.707625102303,9.0,10.0,9.0
12974,1.0,2.0,10.0,10,2,2.54602872144,1.27226331867,9.0,8.0,8.0
3124,1.0,1.0,1.0,2,1,3.7153545667,2.25875127221,10.0,10.0,10.0
8383,1.0,1.0,1.0,2,1,2.26425327928,1.32020039421,9.0,9.0,8.0
11022,1.0,1.0,1.0,2,2,2.30105503742,2.10390632222,9.0,10.0,9.0
9965,1.0,2.0,2.0,4,2,4.29006207478,0.354335659098,9.0,9.0,9.0
3146,1.0,3.0,4.0,4,2,3.5635079267,1.91388335288,0.0,0.0,0.0
8123,1.0,1.0,1.0,2,1,2.9498368113,0.990368614785,10.0,10.0,10.0
4071,1.0,1.0,1.0,2,1,1.70241592868,0.99947814441,10.0,10.0,9.0
6322,1.0,1.0,1.0,2,1,1.74670212001,1.56191181307,9.0,9.0,9.0
9953,1.0,1.0,1.0,2,1,4.32816532159,0.461652477527,10.0,10.0,10.0
1422,1.0,1.0,3.0,6,2,0.409068353613,0.498438871003,9.0,10.0,8.0
4260,1.0,1.0,1.0,2,1,1.53539993769,0.680996277679,10.0,10.0,10.0
11978,1.0,2.0,2.0,4,1,1.37665204305,1.87580313153,9.0,10.0,10.0
13447,1.0,1.0,1.0,2,1,5.1849143943,0.654768341605,10.0,9.0,7.0
8452,1.0,1.0,1.0,2,1,1.94323539734,1.18316558569,0.0,0.0,0.0
5106,1.0,1.0,1.0,2,1,2.49061212534,0.132355635133,9.0,9.0,8.0
9842,1.0,0.0,1.0,2,1,4.01731938921,0.906417456281,10.0,10.0,9.0
2408,1.5,2.0,2.0,4,2,1.20843976008,1.70672439974,10.0,8.0,8.0
9027,1.0,1.0,1.0,2,1,3.97702536828,0.873295346413,10.0,10.0,9.0
3740,1.0,1.0,1.0,2,1,1.30620264274,0.484488947042,10.0,10.0,10.0
695,1.0,1.0,1.0,2,1,1.78299037485,1.05936936059,10.0,9.0,9.0
2662,1.0,1.0,1.0,2,1,1.02855256063,1.49797948867,10.0,10.0,10.0
4020,1.0,1.0,1.0,2,1,1.14352309357,1.06419619331,10.0,10.0,10.0
10184,1.5,3.0,4.0,5,1,2.97439224461,0.972895186154,0.0,0.0,0.0
3275,1.0,1.0,1.0,2,1,3.30930565501,2.10334298305,0.0,0.0,0.0
10320,1.0,1.0,2.0,2,1,2.74525135559,1.58573399542,10.0,9.0,10.0
11145,1.0,1.0,2.0,2,1,2.35951713442,1.56539491663,9.0,9.0,9.0
4134,1.0,1.0,1.0,2,1,1.51985679779,0.963126020321,10.0,10.0,8.0
7570,1.0,1.0,1.0,2,1,2.10094167923,1.41277060679,10.0,10.0,10.0
11060,1.0,1.0,1.0,2,1,2.04561387834,2.25868451415,0.0,0.0,0.0
8384,1.0,1.0,2.0,4,3,2.46284821435,1.18805895997,0.0,0.0,0.0
10776,1.0,1.0,1.0,2,1,2.3554981824,1.64487500152,10.0,10.0,10.0
12145,1.0,1.0,1.0,2,1,2.21429842696,1.75426751489,10.0,9.0,10.0
3064,1.0,1.0,1.0,2,1,3.71274721345,2.27722247335,10.0,8.0,10.0
8868,1.0,1.0,1.0,2,1,2.98645474543,0.84457492869,10.0,10.0,10.0
3074,1.0,2.0,1.0,2,1,2.92798001665,1.84121990259,0.0,0.0,0.0
12702,1.0,1.0,1.0,2,1,3.14992558272,0.698297754002,10.0,8.0,9.0
8986,1.0,1.0,1.0,2,1,2.34914993202,1.62881697175,10.0,9.0,8.0
5230,1.5,2.0,2.0,4,2,1.90859665661,0.285443830729,10.0,9.0,10.0
10572,1.0,1.0,1.0,2,1,2.93418856683,1.21202401355,9.0,9.0,8.0
8359,1.0,1.0,1.0,2,1,2.87339537464,1.07657927503,10.0,9.0,9.0
13025,1.0,3.0,4.0,6,2,2.30285396435,1.49935062908,9.0,9.0,9.0
11451,1.0,1.0,1.0,2,1,2.82240771363,1.35253856298,0.0,0.0,0.0
170,1.0,1.0,1.0,2,1,4.42720901382,3.65031952349,0.0,0.0,0.0
8786,3.0,3.0,3.0,4,2,1.99728712761,1.50042120644,9.0,10.0,10.0
4015,1.0,1.0,3.0,3,2,1.1242662065,1.16202543573,9.0,9.0,10.0
4847,1.0,0.0,1.0,2,1,0.628652918732,0.185990281451,0.0,0.0,0.0
6807,1.5,1.0,1.0,2,2,2.35150580785,1.87500084725,10.0,10.0,9.0
5503,1.0,1.0,1.0,2,1,2.63413319,1.53191175745,9.0,10.0,9.0
12633,0.5,1.0,1.0,2,1,3.68997601427,0.359935570334,10.0,9.0,9.0
11217,1.5,1.0,1.0,2,1,2.64138786271,1.36297053391,9.0,9.0,9.0
5601,1.0,1.0,1.0,2,1,1.91858410115,0.346510887419,10.0,10.0,10.0
12377,1.0,1.0,2.0,4,3,1.99321978128,1.98576130814,9.0,9.0,9.0
4124,1.0,1.0,1.0,2,1,1.55618994079,0.1213056818,0.0,0.0,0.0
6993,1.0,0.0,1.0,2,1,1.64698454597,1.78594121671,10.0,9.0,9.0
995,1.0,1.0,1.0,1,1,7.01344276085,3.57127674269,10.0,10.0,10.0
8049,1.5,1.0,1.0,3,1,3.02335322195,0.969419478346,9.0,8.0,7.0
2691,1.0,1.0,2.0,2,2,0.932449643184,1.44320692987,9.0,10.0,9.0
13258,1.0,1.0,3.0,3,1,4.69493017694,0.935693446018,0.0,0.0,0.0
13171,1.0,1.0,1.0,2,1,2.51500962798,1.30446725975,9.0,8.0,9.0
8260,1.0,1.0,1.0,2,1,1.93475488159,1.45248314801,8.0,10.0,9.0
7678,1.0,1.0,2.0,3,1,3.72000024733,0.746359675632,10.0,10.0,9.0
12787,1.0,1.0,2.0,3,2,2.74916680965,1.18948210382,9.0,9.0,9.0
11617,1.0,1.0,1.0,2,1,2.99874010086,0.944360753654,0.0,0.0,0.0
171,1.0,1.0,1.0,2,2,4.83494479365,4.10874625375,10.0,10.0,10.0
11170,1.0,1.0,1.0,1,1,1.28844392428,1.62006371716,0.0,0.0,0.0
10348,1.0,2.0,2.0,4,1,1.41411359859,1.92585153699,10.0,10.0,10.0
12328,1.0,0.0,1.0,2,1,1.86131829016,2.22640456374,0.0,0.0,0.0
8161,1.0,2.0,4.0,4,2,1.84676683681,0.91820328933,10.0,9.0,9.0
908,1.0,1.0,1.0,2,2,6.85142289425,3.49999236635,9.0,9.0,9.0
7539,1.0,1.0,1.0,2,2,3.48223322963,0.977062236179,9.0,8.0,8.0
2811,1.0,1.0,1.0,2,1,0.768635335041,1.24237587417,8.0,10.0,8.0
13103,1.0,1.0,1.0,1,1,3.68488607203,0.294798854378,9.0,9.0,9.0
13442,1.0,2.0,2.0,5,1,4.42491708339,0.0855525089196,9.0,9.0,8.0
2319,1.0,1.0,1.0,2,1,0.870942187564,1.33993595991,10.0,10.0,10.0
12516,1.0,1.0,1.0,2,1,1.89500783273,2.19563240269,10.0,10.0,10.0
2918,1.0,2.0,2.0,4,1,1.12333304449,1.63201106427,7.0,9.0,8.0
10484,1.0,1.0,1.0,2,1,2.68550861295,1.32289425143,9.0,9.0,9.0
5163,1.0,2.0,2.0,3,2,2.51596059958,1.2466472127,10.0,9.0,9.0
4440,1.0,2.0,2.0,3,2,1.48409602757,1.01765749429,9.0,10.0,8.0
1494,1.0,1.0,2.0,3,1,1.16981362263,1.1464307012,10.0,10.0,10.0
5116,1.0,2.0,4.0,4,1,2.62199725852,0.196013602719,0.0,0.0,0.0
8164,1.0,0.0,2.0,2,1,2.09951496794,1.48634862641,9.0,10.0,9.0
13629,1.0,2.0,3.0,6,1,3.85527752609,0.292727514229,0.0,0.0,0.0
12574,1.0,1.0,1.0,2,1,2.52594445384,1.27857611065,10.0,8.0,9.0
2726,1.0,1.0,1.0,2,2,1.11159748476,0.616763939591,10.0,10.0,9.0
12823,1.0,1.0,1.0,2,1,2.86973577169,1.05936033236,9.0,9.0,9.0
7451,1.5,1.0,1.0,2,1,1.74161999449,0.955655388611,10.0,10.0,9.0
12543,1.0,1.0,1.0,2,1,3.15480679867,0.775421981674,9.0,8.0,9.0
4932,1.0,2.0,2.0,4,1,1.59068921975,0.608789526859,10.0,10.0,10.0
3065,1.0,1.0,1.0,2,1,3.57407532827,2.41176285792,10.0,8.0,9.0
5448,1.0,2.0,2.0,3,2,2.33483646911,0.144016876335,9.0,10.0,9.0
630,1.0,1.0,1.0,2,1,1.7264066691,1.03415369302,9.0,9.0,9.0
370,1.0,1.0,1.0,2,1,3.5513494387,2.74279889261,10.0,10.0,10.0
5138,1.5,3.0,4.0,4,1,2.03517405041,0.406228853887,0.0,0.0,0.0
9428,1.0,1.0,1.0,2,1,3.44017587428,1.14407478175,10.0,10.0,10.0
5590,1.0,1.0,1.0,2,1,2.17217914605,0.353172902721,10.0,10.0,10.0
11456,1.0,0.0,2.0,5,2,2.59387305481,1.89327453724,10.0,9.0,9.0
1158,1.0,1.0,1.0,2,1,0.837230732027,0.44029419219,10.0,10.0,9.0
13532,1.0,1.0,6.0,6,1,3.64449203626,0.517778106043,0.0,0.0,0.0
1567,1.0,1.0,1.0,4,2,1.18343005221,1.67885851268,10.0,9.0,9.0
11639,1.0,1.0,1.0,1,1,3.06003256481,1.3087172312,9.0,9.0,9.0
10343,1.0,1.0,1.0,2,1,2.24357509919,1.70413524967,10.0,10.0,10.0
1283,1.0,1.0,1.0,2,1,0.510370502617,0.494907975093,10.0,10.0,9.0
3334,1.0,1.0,1.0,2,1,3.39557757577,2.26304153494,10.0,9.0,9.0
2776,2.0,3.0,3.0,4,1,1.12035406714,1.47895080552,10.0,9.0,10.0
488,1.0,1.0,1.0,2,1,3.38667591066,2.57083864559,0.0,0.0,0.0
5398,1.0,1.0,2.0,2,2,2.69276920203,0.893272331349,10.0,9.0,9.0
11001,1.0,2.0,2.0,3,1,2.18548088687,1.95207866338,10.0,9.0,9.0
9758,1.0,1.0,1.0,2,1,4.26637103042,0.815976865309,10.0,9.0,10.0
7888,1.5,1.0,2.0,4,2,2.56976482982,1.37087672656,8.0,9.0,8.0
7034,1.0,1.0,1.0,2,2,1.85427660668,1.87564389053,8.0,9.0,8.0
4376,1.0,1.0,2.0,4,2,1.1984844817,0.603935938004,9.0,9.0,8.0
5482,1.5,1.0,1.0,2,1,1.99992855909,0.360773035762,9.0,9.0,9.0
8523,1.0,1.0,2.0,2,1,3.0700041422,1.10054660813,0.0,0.0,0.0
12005,1.0,1.0,4.0,4,2,1.33272180987,1.7703265121,10.0,10.0,9.0
1445,1.0,2.0,2.0,4,2,1.18929839028,1.1708099236,10.0,10.0,10.0
7274,1.0,1.0,1.0,2,1,7.51175932465,1.03968669245,0.0,0.0,0.0
6324,1.0,1.0,1.0,2,1,1.63736593355,1.6253457259,9.0,9.0,9.0
12672,1.0,1.0,1.0,2,1,2.63585410592,1.16638815817,10.0,9.0,10.0
1658,1.0,1.0,1.0,2,1,0.652383084735,0.390103543464,9.0,9.0,9.0
9277,1.0,1.0,1.0,2,1,2.91255867003,1.07388619381,10.0,10.0,10.0
8094,1.0,1.0,1.0,2,1,2.28157283103,1.47100991018,10.0,6.0,6.0
9165,1.0,2.0,2.0,3,1,3.9153706548,0.836624089099,8.0,8.0,9.0
10059,1.0,1.0,1.0,2,1,4.85927287385,0.449975053812,9.0,9.0,9.0
9981,1.0,2.0,4.0,4,1,5.89924830984,0.721088904405,9.0,9.0,9.0
6370,1.0,1.0,1.0,3,2,1.88577162277,1.70670663451,10.0,9.0,9.0
8116,1.5,2.0,2.0,4,2,1.8291352114,0.892877359119,10.0,10.0,10.0
1478,1.0,1.0,1.0,2,2,1.16180742962,1.22261506517,10.0,10.0,9.0
8159,1.0,1.0,1.0,2,2,3.61418451494,0.863559990114,10.0,10.0,10.0
11048,1.0,2.0,2.0,4,2,2.71047932539,1.23553959435,10.0,9.0,9.0
3408,1.0,3.0,3.0,4,4,3.45520159254,2.38850180313,10.0,9.0,9.0
7371,1.0,1.0,2.0,4,2,2.41532399817,0.876373068295,0.0,0.0,0.0
11387,1.0,1.0,1.0,2,1,2.74697156415,1.27313159134,9.0,9.0,9.0
12774,1.0,2.0,2.0,4,3,2.94141176169,0.991137641916,9.0,9.0,9.0
6496,1.0,2.0,2.0,4,4,1.50003281412,1.44117946038,10.0,10.0,8.0
4445,1.0,1.0,2.0,4,2,1.23965030951,0.717809042382,10.0,10.0,10.0
4769,1.5,1.0,5.0,6,1,1.3290359998,0.344790668742,0.0,0.0,0.0
4065,1.5,0.0,1.0,2,1,1.37411302916,0.965848058607,10.0,9.0,9.0
8086,1.0,1.0,1.0,2,1,1.86324979864,1.08673693214,9.0,10.0,10.0
7782,1.0,1.0,2.0,4,2,1.98101477636,0.793444348773,10.0,10.0,6.0
10238,1.5,3.0,3.0,4,1,2.93654744982,0.995022614208,8.0,8.0,8.0
7679,1.0,1.0,1.0,2,1,2.24968277234,0.582002938383,9.0,10.0,9.0
3966,1.0,1.0,1.0,2,1,2.15822341187,1.04257235667,10.0,10.0,10.0
9058,1.0,1.0,1.0,2,1,3.32285619265,0.952974038976,10.0,10.0,10.0
4774,1.0,1.0,3.0,4,2,1.3051009185,0.58232253403,9.0,9.0,9.0
13286,1.5,1.0,1.0,2,0,4.01129749104,0.342135441004,10.0,9.0,10.0
6568,1.0,1.0,1.0,2,1,1.89569546846,1.97915200804,9.0,9.0,9.0
547,1.0,1.0,2.0,4,2,3.82413257808,3.09042119596,10.0,9.0,9.0
9564,1.5,2.0,2.0,4,2,3.6884064572,1.08804957811,10.0,10.0,10.0
6393,1.0,1.0,1.0,2,2,1.60988120646,2.1206872052,10.0,10.0,9.0
2385,1.5,1.0,1.0,2,2,0.396524333671,0.258351113496,4.0,6.0,2.0
4282,1.0,0.0,1.0,2,1,0.876534733289,0.285491025335,10.0,8.0,8.0
11350,1.0,1.0,1.0,2,0,2.79409191554,1.2606111182,10.0,9.0,9.0
8476,1.0,1.0,1.0,2,1,2.13562911116,1.53988300355,10.0,10.0,10.0
3193,1.0,1.0,1.0,2,1,3.69951307872,2.33680503881,10.0,9.0,9.0
3742,1.0,1.0,3.0,3,2,2.28849614089,1.6065181521,10.0,9.0,9.0
4342,1.0,2.0,2.0,4,3,1.4636143613,1.13239861096,10.0,10.0,10.0
12007,1.0,1.0,1.0,2,1,2.50463356707,1.5267322668,10.0,9.0,10.0
2582,1.0,1.0,3.0,4,1,0.510545455552,0.468235801094,9.0,10.0,9.0
5822,1.0,0.0,2.0,2,1,3.99767577035,0.169540240693,9.0,10.0,10.0
6295,1.0,1.0,1.0,2,1,2.02564010094,1.78624202135,10.0,10.0,10.0
11296,1.0,2.0,2.0,3,2,2.32559258622,1.55125605506,10.0,9.0,10.0
5581,1.0,1.0,2.0,2,0,2.82958352646,0.453420419989,9.0,9.0,9.0
5150,1.0,1.0,1.0,2,1,3.04347673083,1.08165459424,10.0,10.0,9.0
10436,1.0,1.0,1.0,2,1,2.90596334145,1.20216239409,10.0,8.0,8.0
9424,2.0,2.0,4.0,4,1,3.39775814796,0.965811071091,0.0,0.0,0.0
8526,1.0,1.0,2.0,3,1,3.41254952149,0.61037569822,10.0,9.0,9.0
9046,1.0,2.0,2.0,4,1,1.84370149274,1.76195270545,9.0,10.0,9.0
8975,1.0,1.0,1.0,2,1,3.69494347985,0.909652512969,10.0,8.0,7.0
4003,1.0,1.0,1.0,4,2,2.24047303183,1.21828295668,8.0,8.0,8.0
1932,1.0,1.0,1.0,2,1,0.323152697616,0.780446294615,9.0,10.0,9.0
5958,1.0,1.0,1.0,2,2,3.47620500646,1.42045415069,10.0,9.0,10.0
1360,1.0,1.0,1.0,2,1,0.317875415389,0.607584110645,9.0,10.0,9.0
6974,1.0,1.0,1.0,2,1,1.54527874114,1.49158001638,10.0,9.0,9.0
12269,1.0,2.0,2.0,4,2,1.99524239521,2.20959121658,10.0,10.0,10.0
10175,1.0,1.0,1.0,2,1,3.18258750055,1.18356700432,9.0,9.0,7.0
5459,1.0,1.0,1.0,2,1,2.48534790114,0.548395319692,9.0,9.0,9.0
10597,1.0,1.0,1.0,2,2,1.54227701274,1.97408485058,9.0,10.0,9.0
13511,1.0,1.0,1.0,2,1,3.60670710693,0.817006709809,10.0,10.0,10.0
8271,1.0,0.0,2.0,2,1,1.90855753853,1.50720129269,9.0,9.0,8.0
9739,1.0,2.0,2.0,4,2,3.42347859903,1.18986736707,10.0,10.0,10.0
6862,1.0,1.0,1.0,2,1,1.28016652577,1.57239656405,9.0,9.0,9.0
7151,1.0,2.0,2.0,3,1,1.81737257895,1.62983022447,0.0,0.0,0.0
4656,1.0,1.0,1.0,2,1,1.91136517978,1.39771723642,10.0,10.0,10.0
13698,1.0,1.0,2.0,2,2,6.10642207609,1.89535927202,9.0,9.0,9.0
6766,1.0,2.0,4.0,4,2,1.84066070132,1.46467626264,10.0,9.0,9.0
11363,1.0,1.0,1.0,2,2,2.65411012825,1.51278385869,9.0,9.0,9.0
11370,1.0,1.0,1.0,2,1,2.87633126675,1.17787855209,10.0,9.0,9.0
9942,1.5,2.0,2.0,4,1,3.65904791911,1.09033397388,0.0,0.0,0.0
13015,1.0,1.0,1.0,2,1,2.63279127521,1.23130985156,0.0,0.0,0.0
6882,1.0,0.0,1.0,2,2,1.28180044768,1.72930565967,10.0,10.0,10.0
5656,1.0,0.0,2.0,4,1,2.8473622849,0.424368012314,0.0,0.0,0.0
13617,1.0,2.0,2.0,4,2,3.62124992375,0.758619007319,10.0,8.0,8.0
5176,1.0,1.0,1.0,2,1,2.64181482269,0.254294324359,0.0,0.0,0.0
6268,1.0,1.0,1.0,2,2,1.90407761681,1.90717005141,10.0,10.0,9.0
2624,1.0,1.0,2.0,3,2,0.578667263166,1.00871507615,9.0,10.0,9.0
2948,1.0,1.0,4.0,4,2,0.234166029356,0.754019831362,10.0,10.0,10.0
7320,1.0,2.0,4.0,4,1,2.61468542379,1.34554006338,10.0,10.0,8.0
8102,1.0,1.0,2.0,3,2,1.71089760573,0.842394527275,6.0,7.0,7.0
6152,1.0,3.0,3.0,4,1,3.51128603433,1.7639732983,0.0,0.0,0.0
2290,1.0,0.0,2.0,2,2,0.92327827914,1.02846585139,10.0,10.0,9.0
2767,1.0,0.0,1.0,2,1,1.04559925607,1.23308359127,0.0,0.0,0.0
5200,1.0,1.0,1.0,2,1,1.86123733128,0.278979616705,10.0,10.0,10.0
13522,1.5,1.0,2.0,3,1,3.89833266668,0.279339454293,10.0,10.0,10.0
11088,1.0,1.0,1.0,1,1,2.77068365956,1.15670185845,0.0,0.0,0.0
10476,1.0,1.0,1.0,1,1,1.87193952519,2.06240720401,10.0,9.0,10.0
10093,1.0,1.0,1.0,1,1,5.29508725973,0.408604222663,9.0,7.0,9.0
6892,1.0,2.0,3.0,3,1,2.10671121907,1.71049683598,10.0,9.0,10.0
10565,1.0,2.0,4.0,4,2,2.88743265621,1.43253388023,10.0,10.0,9.0
11014,1.0,2.0,2.0,4,2,1.53020263143,1.76934079625,10.0,10.0,10.0
4434,1.0,1.0,1.0,1,1,1.2370097474,0.37351873375,9.0,10.0,9.0
4350,1.0,1.0,2.0,2,1,1.02107893492,0.499391687683,10.0,10.0,10.0
2623,1.0,1.0,2.0,2,1,0.616413660985,1.09678822105,0.0,0.0,0.0
8318,1.0,2.0,2.0,3,2,3.62722892725,0.61563541083,10.0,8.0,8.0
3081,1.0,2.0,2.0,4,1,4.05090093293,2.96882047982,0.0,0.0,0.0
9347,1.0,2.0,2.0,3,2,3.9214407878,0.845001540281,10.0,9.0,9.0
334,1.0,1.0,1.0,1,1,4.59687364671,3.77241513145,0.0,0.0,0.0
4505,1.0,0.0,1.0,2,1,0.968897129521,0.941776512919,0.0,0.0,0.0
10100,1.0,3.0,3.0,4,1,5.44803743593,0.519019377935,10.0,9.0,10.0
7227,1.0,1.0,2.0,3,2,1.58888048025,1.49545255762,10.0,10.0,10.0
9647,1.0,2.0,2.0,3,2,3.70956646916,1.06680753523,10.0,9.0,9.0
5160,1.0,1.0,2.0,2,1,2.38915238361,0.45645785003,10.0,9.0,9.0
4614,1.0,0.0,3.0,2,1,2.20517911596,1.32532477142,0.0,0.0,0.0
8816,1.0,1.0,1.0,2,1,3.08098948839,0.928413228438,9.0,10.0,10.0
6705,1.0,1.0,1.0,2,1,1.39780710478,1.44036482234,10.0,10.0,9.0
11454,1.0,1.0,2.0,4,2,1.9525862811,2.20976186587,8.0,7.0,6.0
7518,1.0,1.0,2.0,2,1,2.22104641472,0.727703398742,10.0,10.0,9.0
13075,1.0,1.0,1.0,2,1,2.29047522013,1.52023145095,10.0,8.0,9.0
1665,2.5,1.0,1.0,2,1,0.177882343417,0.492966166439,9.0,10.0,9.0
2768,1.0,0.0,1.0,2,1,1.58693419725,1.23365932773,10.0,10.0,10.0
13180,1.0,1.0,1.0,2,1,2.83486186382,1.11209934635,0.0,0.0,0.0
3236,1.0,1.0,1.0,2,0,3.53108520935,2.42702542497,9.0,8.0,8.0
10089,1.5,2.0,3.0,4,1,5.0614394845,0.866422744645,0.0,0.0,0.0
9063,1.0,1.0,1.0,2,1,2.94766284251,1.51018874357,10.0,10.0,10.0
12053,1.0,2.0,2.0,4,2,1.8151402164,2.13883639486,4.0,6.0,4.0
6942,1.0,1.0,1.0,2,1,1.77579934532,1.31468988054,0.0,0.0,0.0
10105,1.0,2.0,4.0,4,2,2.62028568948,1.48076865661,9.0,9.0,9.0
10356,1.0,1.0,1.0,2,1,2.67583407921,1.25353135576,0.0,0.0,0.0
9836,1.0,1.0,1.0,2,1,3.43282880572,1.10331267602,9.0,10.0,9.0
3755,0.0,1.0,1.0,2,1,0.800859194959,0.147936131102,0.0,0.0,0.0
12506,1.0,1.0,1.0,2,1,2.28887302696,1.90193579472,10.0,10.0,9.0
8690,1.0,1.0,1.0,2,1,3.40939910671,0.619550963027,10.0,9.0,9.0
8882,1.0,1.0,1.0,2,1,1.91503815563,1.20012634577,10.0,10.0,10.0
1446,2.0,1.0,1.0,2,1,0.5577922806,1.07187966235,10.0,10.0,9.0
7022,1.0,1.0,2.0,2,1,1.67428321194,1.86434440136,10.0,10.0,10.0
3067,1.0,1.0,1.0,2,1,2.76875077876,2.26853770301,10.0,9.0,9.0
3418,1.5,1.0,2.0,3,1,3.01580265215,1.68612946871,9.0,9.0,8.0
12495,1.0,1.0,3.0,4,2,2.19631490855,2.05336453681,9.0,9.0,9.0
9619,1.0,1.0,1.0,2,1,4.03519626426,0.587194958855,10.0,10.0,9.0
11521,1.0,1.0,1.0,2,0,2.96463954397,0.971468197687,10.0,9.0,9.0
10667,1.0,1.0,1.0,2,1,1.64117535627,2.12066552842,10.0,10.0,9.0
13600,1.0,1.0,1.0,2,0,4.44864248113,0.332862931248,9.0,9.0,10.0
3949,1.0,1.0,1.0,2,2,1.00927433415,0.541870075569,10.0,10.0,9.0
12029,1.0,1.0,1.0,2,1,1.96005842598,1.87867099421,9.0,8.0,9.0
10525,1.0,1.0,1.0,2,1,2.48865920492,1.95537658275,10.0,10.0,9.0
12433,1.0,1.0,1.0,3,1,1.81317892031,2.09808250449,10.0,9.0,9.0
7894,1.0,1.0,1.0,3,1,2.19440933274,0.846352999895,10.0,10.0,9.0
5739,1.0,1.0,1.0,2,1,2.94986799237,0.407080207865,10.0,10.0,9.0
11423,1.5,1.0,4.0,4,2,2.74998172761,1.18462947989,0.0,0.0,0.0
7840,1.0,1.0,2.0,4,2,2.41256490766,1.55316100434,10.0,9.0,9.0
9688,1.0,1.0,3.0,3,1,3.70905937024,1.28639189254,10.0,10.0,9.0
10193,1.0,1.0,1.0,2,1,2.39826332005,1.54413539988,9.0,9.0,9.0
1780,1.0,1.0,2.0,4,2,1.15819482321,1.67501539453,9.0,10.0,8.0
11198,1.5,1.0,1.0,2,1,2.37710701906,1.81034037048,10.0,10.0,10.0
13182,1.0,2.0,2.0,4,2,2.89441356863,0.908667418783,10.0,10.0,9.0
300,1.0,1.0,1.0,2,1,3.75880862019,2.9399140845,10.0,9.0,9.0
11004,1.0,1.0,1.0,2,1,1.42954546863,1.8935906766,10.0,9.0,9.0
4106,1.5,1.0,1.0,2,1,1.03919389364,0.861209640878,10.0,10.0,9.0
7113,1.0,1.0,1.0,2,0,1.89990227198,1.94808221035,9.0,9.0,9.0
6034,1.0,2.0,1.0,2,1,3.01755470109,0.396519832416,10.0,9.0,10.0
2143,1.0,0.0,2.0,3,1,1.11480969826,1.6352214324,10.0,9.0,9.0
9481,1.0,1.0,1.0,2,1,3.38305317819,1.34687753017,10.0,10.0,9.0
1395,1.0,0.0,4.0,4,1,0.372705587549,0.544164525992,9.0,10.0,8.0
13043,1.0,1.0,1.0,2,1,2.18024382525,1.63039322621,10.0,10.0,10.0
13262,1.0,1.0,1.0,2,2,5.03850816357,1.237838244,9.0,7.0,8.0
3590,1.0,1.0,2.0,2,1,3.61642766396,2.96925974239,10.0,10.0,10.0
12848,1.0,2.0,2.0,3,1,2.1708704938,1.63171991715,10.0,8.0,9.0
10462,1.0,2.0,2.0,4,2,1.8760590089,2.09230365755,10.0,9.0,9.0
4307,1.0,1.0,1.0,2,1,1.15974462539,1.22486843399,9.0,10.0,9.0
2916,1.0,1.0,1.0,2,1,0.877235689682,1.30486623081,0.0,0.0,0.0
350,1.0,2.0,2.0,4,1,3.40418157481,2.7047128296,10.0,9.0,10.0
13527,1.0,1.0,1.0,1,1,4.37861956852,0.270670533228,0.0,0.0,0.0
4199,1.0,1.0,1.0,2,1,1.26818062368,1.30503492645,10.0,10.0,10.0
12014,1.0,1.0,2.0,4,2,1.79853457461,2.26174923026,9.0,9.0,9.0
11692,1.0,1.0,1.0,2,2,1.64913656498,1.88013500209,10.0,9.0,9.0
3591,2.0,1.0,1.0,2,1,3.66716197328,2.56795394311,8.0,8.0,10.0
9390,1.0,1.0,2.0,2,2,3.67350369537,0.868147004588,9.0,10.0,9.0
122,1.0,1.0,1.0,2,1,4.90752607785,4.16071387225,7.0,8.0,8.0
9310,1.5,3.0,5.0,4,2,3.5776916285,1.24396750143,10.0,10.0,10.0
4359,1.0,1.0,1.0,2,1,1.19396488468,1.26749150129,10.0,10.0,9.0
10749,2.0,2.0,4.0,4,2,2.84040842684,1.5579993835,9.0,9.0,9.0
10466,1.0,2.0,1.0,2,2,3.07440097244,0.858541265181,9.0,9.0,8.0
13029,1.0,2.0,2.0,4,4,3.05685125061,0.747234757792,0.0,0.0,0.0
5785,1.0,1.0,1.0,3,2,2.42788855339,1.13924556955,10.0,9.0,9.0
6711,1.0,1.0,1.0,2,1,1.32290719787,1.84428658181,9.0,10.0,9.0
5846,1.0,0.0,1.0,2,1,4.08629547543,0.0509765060349,10.0,9.0,9.0
657,1.0,1.0,2.0,3,1,1.90280820119,1.11704824647,9.0,9.0,9.0
13601,1.0,1.0,1.0,2,1,3.9502543724,0.402250379664,10.0,9.0,9.0
316,1.0,3.0,4.0,4,3,5.23449843381,3.79779060743,9.0,8.0,9.0
9724,1.0,2.0,2.0,2,2,3.94038400754,0.602978097005,10.0,9.0,10.0
6661,1.0,1.0,2.0,4,2,1.85869338995,1.34996674218,10.0,9.0,9.0
3960,1.0,1.0,1.0,4,4,1.17827569696,0.988428587721,10.0,10.0,9.0
11735,2.0,1.0,1.0,2,1,1.42589931105,1.8922212516,9.0,9.0,9.0
13470,1.0,1.0,1.0,3,2,3.47345938236,0.671697223396,0.0,0.0,0.0
6899,1.0,1.0,1.0,2,1,1.99122119683,1.82175198762,9.0,9.0,9.0
12694,1.0,2.0,2.0,2,1,2.7425603774,1.08011307173,10.0,10.0,10.0
12286,1.5,1.0,1.0,2,1,2.33948945451,2.01305563416,10.0,10.0,9.0
8283,1.0,2.0,2.0,4,2,1.97448021246,1.32221013854,10.0,10.0,10.0
7238,1.0,1.0,1.0,2,1,1.5488576088,1.84962053255,10.0,10.0,10.0
10683,1.0,1.0,2.0,3,2,2.44914064131,1.86669998619,9.0,9.0,9.0
13224,1.0,1.0,1.0,2,2,3.11153383336,0.897705063398,10.0,8.0,9.0
13681,1.0,2.0,2.0,4,2,5.96312624808,1.84206058848,10.0,9.0,9.0
12271,1.0,2.0,2.0,4,3,1.33692127748,1.76188891613,8.0,10.0,8.0
7983,1.0,1.0,1.0,2,2,2.32350921395,0.752917419674,10.0,10.0,10.0
776,1.0,1.0,1.0,2,1,1.90185264827,1.16592481984,9.0,8.0,8.0
6298,1.0,2.0,2.0,4,2,2.3962533386,1.60160989094,10.0,10.0,9.0
3471,1.5,2.0,3.0,4,2,2.88061006939,1.68569896445,10.0,10.0,9.0
5261,1.0,1.0,1.0,1,1,2.56101554064,1.23760173565,10.0,9.0,9.0
3319,1.0,2.0,2.0,4,2,3.34842115698,1.84382590371,10.0,8.0,9.0
11071,1.0,1.0,1.0,2,1,3.0336257395,1.52893757918,10.0,10.0,10.0
11792,1.0,1.0,1.0,3,1,2.8745626996,1.23178639649,9.0,8.0,8.0
11126,1.5,2.0,2.0,4,1,1.82268221067,2.22117051811,10.0,10.0,10.0
9419,1.0,2.0,2.0,4,2,3.88482706442,0.960205185835,10.0,8.0,8.0
8244,1.0,1.0,1.0,2,1,2.59622221196,1.27774695187,10.0,9.0,9.0
9851,1.0,1.0,1.0,2,1,3.7537634414,1.26996895916,0.0,0.0,0.0
3646,1.0,1.0,1.0,1,1,3.24297879223,2.48785972248,9.0,9.0,9.0
7482,1.0,1.0,1.0,4,2,2.16761930145,1.50462889988,10.0,10.0,9.0
3700,1.0,1.0,1.0,3,2,1.32630161015,0.329508573515,10.0,10.0,10.0
12936,1.0,2.0,3.0,4,1,2.41984137282,1.40152170879,10.0,8.0,8.0
4983,1.5,1.0,1.0,2,1,1.60571681987,0.318805486038,10.0,10.0,10.0
8545,1.0,1.0,1.0,2,1,3.45239803431,0.99685903189,10.0,9.0,8.0
7292,1.0,1.0,2.0,2,1,7.09778883816,0.217982088175,0.0,0.0,0.0
0,1.0,1.0,2.0,2,1,7.95882398732,0.312029589327,9.0,8.0,8.0
821,1.0,2.0,2.0,4,2,5.04255412233,4.31389326736,0.0,0.0,0.0
10948,1.0,1.0,1.0,2,1,2.1982251062,2.32430187091,10.0,10.0,9.0
12645,1.0,1.0,1.0,2,1,2.30389797596,1.50927225909,0.0,0.0,0.0
13315,1.0,1.0,1.0,2,1,6.25816325419,2.45777002979,10.0,9.0,9.0
3058,1.0,1.0,2.0,4,1,3.48912856416,2.51783986555,0.0,0.0,0.0
8617,1.0,1.0,1.0,2,2,2.33301624444,0.416260427174,10.0,10.0,10.0
4073,1.0,2.0,2.0,4,1,1.49383678713,0.516256966265,8.0,10.0,7.0
10538,1.0,1.0,2.0,3,1,2.59644440508,1.32899059175,8.0,10.0,9.0
220,1.0,1.0,2.0,3,1,4.9391185479,4.15586743649,9.0,9.0,9.0
12647,1.0,1.0,1.0,2,1,2.18862628671,1.61370701788,10.0,10.0,10.0
12653,1.0,1.0,2.0,2,2,2.45011871389,1.38070400492,9.0,9.0,9.0
6635,1.0,1.0,1.0,2,1,1.77121545085,2.08823276794,10.0,10.0,7.0
8396,1.0,1.0,1.0,2,1,2.0998909592,0.626398637405,10.0,9.0,9.0
6453,1.5,2.0,2.0,4,1,1.95962699069,1.74288372281,0.0,0.0,0.0
12275,1.0,1.0,1.0,2,1,2.55623345434,1.87160766716,10.0,10.0,9.0
12831,1.0,1.0,1.0,2,1,2.82002571841,1.26570263176,10.0,9.0,9.0
6543,1.0,2.0,2.0,4,1,1.28142419477,1.72038119356,10.0,9.0,9.0
1423,1.0,1.0,1.0,4,2,0.970438862832,1.39317016299,9.0,10.0,9.0
12605,1.0,2.0,2.0,4,2,3.04337641494,1.02572301147,10.0,9.0,9.0
10588,1.0,1.0,1.0,3,1,2.17709450373,2.01241673614,0.0,0.0,0.0
12477,1.0,1.0,1.0,2,1,2.14081382501,1.79745437885,10.0,10.0,10.0
9329,2.0,2.0,2.0,4,2,3.76027327266,0.938151921683,10.0,10.0,10.0
5335,1.0,1.0,2.0,4,2,2.73013746806,0.366751042166,10.0,9.0,10.0
4896,1.0,1.0,1.0,2,1,1.15598229087,0.293291765629,9.0,9.0,9.0
13640,1.0,1.0,1.0,2,1,3.7357824144,0.416260468889,10.0,6.0,8.0
46,1.0,1.0,1.0,2,1,7.91513409743,0.398018422556,10.0,9.0,10.0
8258,1.0,2.0,2.0,3,3,3.57140982063,0.575248333687,9.0,9.0,9.0
7717,1.0,1.0,1.0,2,1,1.81487297354,0.931579477434,0.0,0.0,0.0
5366,1.0,1.0,2.0,3,2,2.61521787678,1.32228910458,9.0,9.0,9.0
5752,1.0,1.0,1.0,2,0,2.56357750937,0.86011012953,0.0,0.0,0.0
8749,1.0,2.0,2.0,4,2,3.43563682681,0.933213698476,10.0,8.0,8.0
9590,1.0,1.0,1.0,2,1,3.55341795221,1.05284309118,0.0,0.0,0.0
11606,1.5,2.0,3.0,3,1,1.42170569721,1.91302210356,6.0,10.0,8.0
7048,1.0,1.0,1.0,4,1,1.60045567021,2.11994605416,8.0,9.0,8.0
8011,1.0,1.0,1.0,2,1,2.44038813868,1.51867964571,9.0,10.0,9.0
6419,1.5,2.0,1.0,2,2,1.44184007649,1.7010069466,10.0,10.0,10.0
9074,1.0,1.0,1.0,2,1,2.26630822636,1.71823713155,10.0,8.0,7.0
9315,1.0,1.0,2.0,2,1,1.59614487649,1.48086991803,9.0,10.0,9.0
12811,1.0,1.0,1.0,2,1,2.6505566925,1.18127011591,9.0,9.0,9.0
4588,1.0,1.0,1.0,2,1,1.41375340395,0.959178232996,9.0,10.0,9.0
3306,1.0,1.0,1.0,3,1,3.26933522766,2.07528273753,9.0,9.0,8.0
4766,1.0,1.0,1.0,2,1,1.25155916682,1.17967338092,10.0,10.0,10.0
6613,1.0,1.0,1.0,2,0,1.92401661955,1.9537860806,10.0,9.0,9.0
5509,1.0,1.0,1.0,2,2,2.37777464913,0.0548651566938,8.0,8.0,7.0
8352,1.5,1.0,1.0,2,1,2.9911587427,1.07638653926,9.0,9.0,8.0
11481,1.0,1.0,1.0,2,1,2.38766434414,1.53140811806,10.0,10.0,10.0
11335,1.0,1.0,1.0,2,1,2.46198371584,2.01705752901,0.0,0.0,0.0
8375,1.0,2.0,2.0,4,1,2.50451846197,0.442287790669,0.0,0.0,0.0
297,1.0,2.0,3.0,4,1,4.37857640191,3.57744658233,0.0,0.0,0.0
11240,1.0,1.0,1.0,2,1,2.26119424396,1.96959388769,10.0,10.0,10.0
7855,1.0,1.0,1.0,2,1,3.24510288125,0.450857247872,10.0,10.0,9.0
11937,1.0,1.0,1.0,2,1,3.1264379542,1.23149854553,10.0,9.0,9.0
3523,1.0,1.0,2.0,2,1,3.39582511888,2.4734333104,10.0,9.0,9.0
10439,1.0,1.0,1.0,2,1,3.00408589095,1.28392172186,10.0,9.0,9.0
12446,1.0,1.0,1.0,2,1,2.70501955376,1.83629572939,9.0,10.0,9.0
11318,1.0,1.0,1.0,3,2,3.15752093692,1.4066984027,9.0,9.0,8.0
3478,1.0,2.0,1.0,2,2,3.51253069978,2.02728697644,10.0,8.0,10.0
1524,1.0,1.0,1.0,3,1,1.09000862812,1.3978970244,10.0,10.0,9.0
5641,1.0,1.0,1.0,2,1,2.07386372781,0.379717949459,0.0,0.0,0.0
12952,1.0,1.0,1.0,2,1,3.11120079592,0.987733342397,10.0,8.0,9.0
10972,1.0,1.0,1.0,2,1,2.84208043775,1.08719156625,10.0,9.0,10.0
6632,1.0,1.0,1.0,2,0,2.06787646992,1.74543836389,9.0,9.0,9.0
12037,1.0,1.0,1.0,2,1,1.51860784854,2.02432195061,0.0,0.0,0.0
5904,1.0,1.0,1.0,2,1,3.50036261619,0.696164600787,10.0,10.0,9.0
12331,1.0,2.0,4.0,4,1,2.29757216511,1.64406891759,0.0,0.0,0.0
966,1.0,1.0,1.0,2,1,7.62317637952,3.51164175813,10.0,9.0,9.0
12068,1.0,1.0,1.0,2,1,1.54153544522,1.80190333558,0.0,0.0,0.0
12393,1.0,1.0,1.0,2,1,2.20356116942,2.29227662257,10.0,9.0,9.0
10291,1.0,1.0,2.0,4,1,2.72481531715,1.22009725444,0.0,0.0,0.0
3462,1.0,2.0,4.0,4,1,3.17298393214,2.24070529516,8.0,8.0,8.0
2460,1.0,1.0,1.0,2,1,1.06729631649,1.22538204467,9.0,10.0,10.0
6234,1.0,1.0,1.0,2,1,1.41144456039,1.77514462219,9.0,9.0,8.0
7818,1.0,3.0,3.0,5,1,2.64415233869,1.32123851703,9.0,9.0,9.0
1055,1.0,3.0,6.0,7,1,7.01353080868,3.43714307025,9.0,9.0,10.0
5684,1.0,1.0,2.0,3,3,2.82452189878,0.45190518894,10.0,10.0,10.0
2648,1.0,0.0,1.0,2,1,1.13724137279,0.829158855504,0.0,0.0,0.0
7351,1.0,1.0,1.0,2,1,1.7407824326,0.552665688323,10.0,10.0,10.0
9115,1.0,1.0,1.0,2,1,4.06286401966,0.835829502915,10.0,9.0,9.0
6976,1.0,1.0,1.0,2,1,1.95342224855,1.49521615275,0.0,0.0,0.0
7870,1.0,1.0,2.0,2,1,1.92323207606,0.582286501181,10.0,9.0,9.0
5277,1.0,1.0,1.0,2,1,2.89808049281,0.816238068839,10.0,9.0,8.0
12540,1.0,2.0,1.0,2,2,2.9369628554,0.888687584799,10.0,7.0,9.0
10365,1.0,1.0,1.0,2,2,2.62309528703,1.30298265637,9.0,9.0,9.0
7576,1.0,1.0,1.0,2,1,3.01079266672,0.929798849325,0.0,0.0,0.0
12238,1.0,1.0,2.0,2,1,1.54399265988,2.03663744059,9.0,9.0,8.0
5528,1.0,1.0,1.0,2,1,2.11220452414,0.316273264178,10.0,10.0,9.0
9455,1.0,0.0,3.0,4,2,2.74378223033,1.73661107848,9.0,10.0,9.0
3220,1.0,1.0,2.0,3,2,2.2408152594,1.75555774828,0.0,0.0,0.0
11355,1.0,2.0,2.0,4,1,2.59354935091,1.37408722282,0.0,0.0,0.0
5263,1.0,1.0,1.0,2,1,2.12551934409,0.42357491331,10.0,10.0,10.0
12737,1.0,1.0,1.0,1,1,3.43718058229,0.491595874412,9.0,8.0,8.0
12010,1.0,1.0,1.0,2,1,1.34767144829,1.66945347062,10.0,10.0,10.0
8881,1.0,1.0,1.0,2,1,2.30191804205,0.794476883866,9.0,9.0,9.0
2515,1.5,2.0,2.0,4,2,0.685903836581,0.521183895824,10.0,9.0,9.0
9500,1.0,1.0,1.0,2,1,3.966791769,0.593736343394,0.0,0.0,0.0
32,1.0,1.0,2.0,3,2,8.39743505266,0.143705860011,10.0,9.0,9.0
13071,1.0,1.0,1.0,2,1,3.13109778914,0.680344710912,9.0,9.0,9.0
9960,1.0,2.0,2.0,6,1,4.79633330448,0.270759109265,10.0,10.0,10.0
11807,1.0,1.0,1.0,2,2,2.56654127992,1.86642500684,10.0,10.0,10.0
5165,1.0,2.0,2.0,3,1,2.64675486648,0.516832199284,8.0,8.0,7.0
5826,1.0,2.0,2.0,4,4,3.66571858952,1.22468608055,10.0,9.0,9.0
12339,1.0,1.0,1.0,2,1,3.26575339968,1.12018765797,0.0,0.0,0.0
13605,1.0,1.0,1.0,2,1,3.5402800674,0.713396428209,10.0,10.0,10.0
8790,1.0,1.0,1.0,2,1,2.1898652425,0.511595835515,10.0,10.0,10.0
12557,1.0,1.0,1.0,2,1,3.0433782909,0.83959683484,9.0,9.0,9.0
7270,1.0,1.0,2.0,4,1,7.91625458423,0.380728765129,0.0,0.0,0.0
222,1.0,1.0,1.0,1,0,4.2542212456,3.48750257281,10.0,9.0,9.0
13123,1.0,1.0,2.0,3,1,2.79055474769,1.01263589075,10.0,9.0,9.0
13580,1.0,1.0,1.0,2,1,3.78033804991,0.285171611804,0.0,0.0,0.0
5574,1.0,1.0,1.0,2,1,2.14988021059,0.279693557921,9.0,9.0,9.0
12586,2.0,1.0,1.0,2,1,3.03167614086,0.91164173507,9.0,9.0,9.0
5860,1.0,1.0,1.0,2,1,4.14229727348,1.84432796512,10.0,10.0,9.0
11467,1.0,1.0,1.0,2,2,2.56799982006,1.93873071222,10.0,9.0,9.0
1414,1.5,2.0,3.0,6,2,0.423373080988,0.603241784409,9.0,10.0,9.0
7439,1.0,1.0,1.0,2,1,2.41732522737,1.55106553706,0.0,0.0,0.0
7520,1.0,1.0,1.0,2,1,1.97858760608,1.34266239267,0.0,0.0,0.0
7180,1.0,1.0,1.0,2,1,1.48117448014,1.87966203351,8.0,8.0,8.0
6139,1.5,2.0,2.0,3,2,3.78388863139,0.434437320035,10.0,9.0,10.0
12624,1.0,0.0,1.0,2,1,3.22254264893,0.655249525365,10.0,9.0,9.0
11079,1.0,1.0,1.0,2,2,2.20357220615,1.97440461379,9.0,9.0,9.0
3240,1.0,1.0,1.0,2,1,3.0332204765,1.88045402896,0.0,0.0,0.0
11096,1.0,2.0,1.0,3,2,2.10859392949,1.84565894789,10.0,9.0,9.0
5400,1.0,1.0,1.0,2,2,2.65314682286,0.367544135683,0.0,0.0,0.0
9875,1.5,2.0,1.0,2,1,3.81516503065,0.882883867822,10.0,10.0,10.0
3627,1.0,2.0,1.0,2,1,3.68108656894,2.22819540359,10.0,9.0,10.0
6379,1.0,1.0,3.0,4,2,2.47381685267,1.650336147,0.0,0.0,0.0
10628,1.0,1.0,1.0,2,1,1.4611540601,1.96763206482,10.0,10.0,9.0
4680,1.5,2.0,2.0,4,2,1.05685562663,0.306888981121,8.0,10.0,8.0
13771,1.5,1.0,1.0,2,2,6.10355524412,1.54251775478,10.0,10.0,9.0
10423,1.0,1.0,1.0,3,2,3.10539797288,0.852438524947,10.0,8.0,8.0
12376,1.0,1.0,1.0,2,1,2.38692235245,1.87579861539,10.0,9.0,9.0
2396,1.5,2.0,2.0,4,1,1.16670141686,1.47522689708,0.0,0.0,0.0
9915,1.0,1.0,2.0,4,2,3.76211275558,0.999752190912,10.0,9.0,10.0
7177,1.0,1.0,1.0,2,1,2.05605623362,1.79507009947,0.0,0.0,0.0
12910,1.5,2.0,3.0,4,2,3.08419403894,0.722486691115,9.0,8.0,7.0
3800,1.0,1.0,2.0,4,2,2.07853456533,1.3698288083,9.0,10.0,9.0
8209,1.0,2.0,4.0,4,2,2.38595170161,0.689406277899,10.0,10.0,10.0
12829,1.0,1.0,1.0,2,1,3.18905241339,0.613221062591,10.0,8.0,9.0
12562,1.0,1.0,2.0,3,2,3.32549319309,0.620294949669,10.0,9.0,9.0
6049,1.0,3.0,3.0,4,2,3.98054748273,1.19380850643,10.0,9.0,9.0
7380,1.0,1.0,1.0,2,1,3.77671438605,0.273686287279,0.0,0.0,0.0
5953,1.0,1.0,1.0,2,0,3.65777255703,0.504160780644,10.0,10.0,10.0
11038,1.0,2.0,1.0,2,1,2.37594841306,2.00950994024,10.0,9.0,9.0
12259,1.0,1.0,1.0,2,2,2.63192373664,1.31803689105,9.0,8.0,8.0
11724,1.0,1.0,1.0,2,1,1.60781693863,1.98922103375,10.0,10.0,9.0
10890,1.0,0.0,2.0,2,2,2.22577465581,2.2477078768,9.0,10.0,9.0
4241,1.0,2.0,2.0,3,3,0.976893139656,0.98635581682,10.0,10.0,10.0
11636,1.0,1.0,1.0,2,1,2.79779789242,1.30979962549,0.0,0.0,0.0
13002,1.0,1.0,2.0,3,1,2.57710133731,1.22767053221,10.0,9.0,9.0
12432,1.0,2.0,2.0,2,1,1.41090981638,1.90630304082,10.0,10.0,10.0
11932,1.0,1.0,1.0,2,1,2.37640606763,1.80946968353,10.0,9.0,9.0
10414,1.0,2.0,1.0,2,1,1.35521271209,1.66932173727,0.0,0.0,0.0
8474,1.0,1.0,2.0,4,2,1.83998605457,1.3704098737,9.0,10.0,9.0
4855,1.0,0.0,1.0,2,1,0.724321618576,0.210634152207,9.0,9.0,8.0
5380,1.0,1.0,1.0,2,1,2.69183964336,0.268540001041,0.0,0.0,0.0
7136,1.0,2.0,2.0,4,1,1.97078873021,1.71007112477,10.0,10.0,10.0
5016,1.0,1.0,1.0,2,1,2.62337289693,0.696722042565,10.0,10.0,9.0
9149,1.0,1.0,1.0,2,2,2.98086463187,1.69078167822,9.0,10.0,9.0
8160,1.0,1.0,1.0,2,2,2.52701755982,0.833128929022,10.0,9.0,9.0
11104,1.0,1.0,1.0,1,1,2.38410771318,1.63350219004,10.0,9.0,10.0
8280,1.0,1.0,1.0,2,1,1.74277925644,0.900770932761,9.0,10.0,9.0
7149,1.0,1.0,2.0,3,2,1.29392219366,1.8129874315,9.0,10.0,9.0
8780,1.0,1.0,1.0,2,1,3.39168892926,0.895160962187,0.0,0.0,0.0
6374,1.0,1.0,1.0,2,1,1.77347520193,1.59402301435,5.0,6.0,3.0
5589,1.0,1.0,1.0,2,1,2.67111459174,0.446322467886,9.0,8.0,9.0
7199,1.0,0.0,2.0,4,2,1.51348371428,1.65168209266,9.0,9.0,8.0
10015,1.5,1.0,1.0,2,1,5.10641287256,0.768524105784,10.0,9.0,9.0
3355,1.0,3.0,3.0,4,1,3.46832351989,2.40333534947,9.0,9.0,8.0
5184,1.0,1.0,1.0,2,2,2.62657646031,1.39858429007,10.0,9.0,9.0
12087,1.0,1.0,1.0,2,1,2.63648711543,1.7538824517,10.0,10.0,10.0
2997,1.0,2.0,1.0,2,1,2.99763434888,1.64882920695,10.0,9.0,9.0
5378,1.5,2.0,2.0,4,1,2.52522434464,1.40648778499,0.0,0.0,0.0
9719,1.0,1.0,1.0,2,1,2.74814522574,1.24887306483,10.0,10.0,10.0
6940,1.0,1.0,1.0,2,2,2.1435195652,1.66860383406,9.0,9.0,9.0
12428,1.0,1.0,1.0,2,1,1.70648920085,2.11542658722,10.0,10.0,10.0
10524,1.5,1.0,1.0,2,1,2.40251179528,2.10301636698,10.0,10.0,10.0
10880,1.0,1.0,1.0,2,1,2.02212365548,2.05832195067,10.0,9.0,8.0
1241,0.0,1.0,1.0,2,1,0.442260971726,0.68248510731,9.0,10.0,9.0
6260,1.0,1.0,1.0,2,1,1.8003992942,1.8750300542,10.0,9.0,9.0
1023,1.0,1.0,1.0,2,1,8.14521196471,3.62651791097,10.0,10.0,10.0
12964,1.0,1.0,1.0,2,1,2.60246177176,1.27600614032,10.0,9.0,9.0
7566,1.0,1.0,1.0,2,1,2.46818212028,0.587039609005,10.0,10.0,10.0
1096,1.0,2.0,4.0,4,1,0.521704395777,0.617627579171,9.0,9.0,9.0
6002,1.0,0.0,1.0,2,1,3.1695749163,0.289612200567,0.0,0.0,0.0
4250,1.0,2.0,2.0,4,1,1.42570788823,0.231869462229,8.0,10.0,8.0
199,1.0,1.0,1.0,2,2,6.30549650421,5.50573647885,9.0,10.0,9.0
5276,1.0,1.0,1.0,2,1,2.21029926811,0.218644733417,10.0,10.0,10.0
9864,1.0,1.0,2.0,5,2,2.32095813166,1.68376438516,9.0,10.0,9.0
1788,1.0,1.0,1.0,2,1,0.982819957867,1.50466044963,0.0,0.0,0.0
6949,1.0,1.0,2.0,4,2,1.36121697508,1.66391520945,7.0,7.0,7.0
8720,1.0,1.0,3.0,4,2,2.19592921192,0.899889428297,10.0,10.0,9.0
9539,1.0,2.0,3.0,4,1,3.51961989862,1.3792575097,10.0,10.0,10.0
8968,1.0,1.0,2.0,2,0,3.62558647283,0.951644382831,9.0,9.0,9.0
9903,1.0,1.0,1.0,2,1,2.82273720581,1.70349786251,9.0,10.0,9.0
10066,1.0,0.0,1.0,2,1,5.12837713528,0.685628924999,10.0,9.0,10.0
11944,1.0,2.0,2.0,4,4,2.02987883152,2.09654028123,10.0,10.0,8.0
4574,1.0,1.0,1.0,2,1,1.36529015081,0.434052803668,0.0,0.0,0.0
4365,1.0,1.0,1.0,2,1,1.36251694856,0.765752701276,10.0,10.0,9.0
1549,1.5,2.0,2.0,4,4,0.904011675945,1.11600151215,9.0,10.0,9.0
10716,1.0,1.0,1.0,2,1,1.53164419163,2.03058981599,0.0,0.0,0.0
11512,1.0,2.0,2.0,2,1,1.90292325182,2.19233682754,9.0,10.0,9.0
3189,1.0,1.0,1.0,2,1,3.03116538346,1.60093678042,10.0,9.0,9.0
10852,1.5,1.0,1.0,2,1,1.70537893006,2.20383340696,0.0,0.0,0.0
3564,1.0,1.0,2.0,3,2,3.76243146678,2.26607838643,0.0,0.0,0.0
2323,1.0,2.0,2.0,4,2,0.251273770003,0.530871924802,10.0,10.0,9.0
13530,1.0,1.0,1.0,2,1,3.71038968433,0.466667274023,9.0,9.0,10.0
3994,1.5,1.0,1.0,2,1,0.779947472323,0.258999536707,10.0,10.0,10.0
7934,1.5,1.0,1.0,2,1,2.50005826912,0.407227432038,10.0,8.0,8.0
12248,1.0,1.0,1.0,2,1,3.22485563436,1.14925174363,0.0,0.0,0.0
11298,1.0,2.0,2.0,4,2,1.2649576114,1.6994736815,10.0,9.0,9.0
9066,1.0,0.0,2.0,3,1,2.30180062604,1.67377885311,10.0,10.0,9.0
5498,1.0,1.0,1.0,2,1,2.71395096195,0.836142168503,10.0,9.0,10.0
11029,1.0,2.0,3.0,4,1,2.48751905847,1.91568976144,0.0,0.0,0.0
3217,1.0,1.0,2.0,4,1,3.21459376592,1.8975289063,9.0,9.0,9.0
12905,1.0,0.0,1.0,2,1,3.27640476118,0.616692802735,0.0,0.0,0.0
10068,1.5,1.0,1.0,2,1,5.14034177304,0.825891391562,10.0,8.0,10.0
3730,1.0,0.0,2.0,3,1,1.60222561782,0.992343083179,10.0,9.0,9.0
1416,1.0,1.0,1.0,2,2,0.72367281229,0.459372279777,10.0,10.0,10.0
3143,1.0,2.0,3.0,4,2,3.00816671496,1.98308192688,10.0,10.0,9.0
13538,1.0,1.0,1.0,2,1,3.50158753865,0.670300330302,10.0,8.0,9.0
3521,1.0,1.0,2.0,3,2,3.72902659739,3.04341577014,0.0,0.0,0.0
6873,1.0,1.0,2.0,2,1,1.33296570332,1.76714583074,0.0,0.0,0.0
1625,1.0,1.0,1.0,2,1,0.202388597348,0.610427054114,10.0,10.0,10.0
6469,1.0,1.0,1.0,2,2,1.83776484341,2.02337071011,10.0,9.0,10.0
10045,1.0,1.0,1.0,2,1,5.16489326838,0.48952719886,10.0,9.0,9.0
10620,1.0,2.0,3.0,3,2,2.46149260482,1.84735964643,9.0,10.0,9.0
7255,1.0,1.0,2.0,3,2,7.5778375117,0.806471100636,7.0,7.0,7.0
10119,1.0,1.0,1.0,2,1,1.39576575782,1.86069801814,10.0,10.0,9.0
7937,1.0,1.0,1.0,2,1,2.00426666703,1.12561946071,10.0,10.0,10.0
6442,1.0,1.0,2.0,3,1,1.84679115436,1.67563388232,10.0,9.0,9.0
12547,1.0,2.0,8.0,9,2,2.55537827554,1.25154189013,9.0,8.0,9.0
832,1.0,1.0,1.0,2,1,7.20016514322,3.63745850209,9.0,9.0,9.0
12378,1.0,1.0,1.0,2,0,1.26876241047,1.6945611861,9.0,10.0,9.0
7410,1.0,2.0,2.0,3,1,2.62367798317,1.33394380302,9.0,9.0,9.0
10432,1.0,3.0,6.0,5,1,1.53825306166,1.75646224978,0.0,0.0,0.0
6292,1.0,2.0,1.0,2,0,1.63408797427,1.64970646274,10.0,10.0,10.0
13418,1.0,1.0,1.0,2,1,3.47726460935,0.700259945,10.0,9.0,10.0
10553,1.0,1.0,1.0,2,1,2.65737732174,1.76710502616,10.0,9.0,9.0
13714,1.0,1.0,1.0,2,0,5.84103757633,1.7249162362,10.0,10.0,10.0
8425,1.0,1.0,1.0,2,2,1.8412675896,0.519312617607,10.0,10.0,10.0
3512,1.0,1.0,1.0,4,2,2.8108910327,1.68908327963,10.0,9.0,9.0
11287,1.0,1.0,1.0,3,2,1.8298833902,2.23515328137,10.0,9.0,10.0
5561,1.0,2.0,2.0,3,1,2.16458619527,0.268496219087,0.0,0.0,0.0
7997,1.5,2.0,2.0,4,2,2.04544745994,0.630059215487,10.0,10.0,9.0
4126,1.0,0.0,1.0,2,1,0.979557943933,0.951795252107,9.0,10.0,9.0
4554,0.0,2.0,2.0,4,1,1.52812440398,0.71017549321,10.0,10.0,10.0
5646,1.0,1.0,1.0,2,1,2.08745007261,0.435543025768,9.0,10.0,9.0
4301,1.0,1.0,1.0,2,1,1.66230708597,0.515656491171,10.0,10.0,9.0
6315,1.0,1.0,1.0,2,1,2.21059825295,1.79507385809,0.0,0.0,0.0
6326,1.0,1.0,2.0,2,1,1.29146034989,1.60561478372,10.0,9.0,10.0
126,1.0,1.0,1.0,2,1,3.81697376,2.98900035549,10.0,9.0,10.0
2727,1.0,1.0,3.0,3,2,0.50350144995,0.981818591309,9.0,10.0,10.0
6712,1.0,1.0,1.0,2,2,1.59863674462,2.02014045009,10.0,8.0,9.0
1485,1.5,2.0,2.0,4,2,0.871398894576,0.864352096971,10.0,10.0,9.0
3516,1.5,2.0,2.0,4,1,3.0711329481,1.67579643217,10.0,9.0,9.0
262,1.0,1.0,1.0,2,1,3.48936543255,2.67746935108,10.0,10.0,10.0
5059,1.0,1.0,2.0,2,1,2.86392840121,1.4994601067,10.0,9.0,9.0
8053,1.5,1.0,1.0,2,1,2.08265005727,1.44080916963,8.0,10.0,10.0
1749,1.0,1.0,1.0,2,1,0.509776307464,0.364819919484,9.0,10.0,8.0
8295,1.0,2.0,1.0,3,2,1.88511747996,1.50814100511,10.0,10.0,10.0
12228,1.0,2.0,1.0,2,1,1.89040406543,2.22621758227,10.0,10.0,10.0
8647,1.0,1.0,1.0,2,1,1.76570092993,0.411008522564,10.0,10.0,10.0
11666,1.0,1.0,1.0,2,1,2.12784367559,2.21150518047,10.0,10.0,9.0
5422,1.0,1.0,1.0,2,1,2.69423033324,0.798671861132,10.0,8.0,8.0
10254,1.0,2.0,2.0,6,2,2.16582567721,2.21211853813,0.0,0.0,0.0
11345,1.0,2.0,3.0,4,1,2.99930263657,1.12441273004,10.0,9.0,9.0
13669,0.5,1.0,1.0,2,1,6.96680877106,2.47509110592,10.0,9.0,9.0
6025,1.0,1.0,1.0,2,2,4.11960471748,1.3439874805,10.0,9.0,9.0
13697,1.0,2.0,2.0,6,1,7.00897901539,2.61291642108,10.0,9.0,10.0
13174,1.0,1.0,2.0,3,1,3.01566117411,0.792620672571,9.0,8.0,8.0
1835,1.0,0.0,5.0,4,2,0.450160393486,0.576090082929,9.0,10.0,9.0
13479,1.0,1.0,1.0,2,1,3.96603829649,0.403029908534,10.0,10.0,10.0
9869,1.0,2.0,1.0,4,2,3.74476273296,0.892886167569,10.0,8.0,10.0
5100,1.0,1.0,1.0,3,2,2.29976088451,0.17037472469,9.0,9.0,8.0
4546,2.0,2.0,2.0,4,1,1.34123604009,0.37667744277,0.0,0.0,0.0
7463,1.0,4.0,8.0,8,8,2.34304307584,1.20418924839,7.0,7.0,7.0
4565,1.0,0.0,1.0,2,1,0.533475746014,0.338728429025,10.0,10.0,10.0
6173,1.5,1.0,3.0,3,2,9.25432354711,0.456493358776,9.0,8.0,7.0
8108,1.0,2.0,2.0,4,1,3.21135795052,0.918246185131,10.0,9.0,9.0
5004,1.0,1.0,1.0,2,1,2.39154685673,0.538039930876,10.0,9.0,9.0
2202,1.0,0.0,1.0,2,0,0.905066761751,1.40280718841,10.0,10.0,10.0
10708,1.0,1.0,1.0,2,1,3.01550668586,1.13284210268,10.0,9.0,10.0
11698,1.0,1.0,1.0,3,2,2.24539074827,2.00889758147,10.0,9.0,9.0
10967,1.0,1.0,1.0,2,2,2.07526989638,2.09604028581,10.0,10.0,8.0
8307,1.0,3.0,3.0,4,2,2.1034206664,1.39936222757,10.0,10.0,10.0
4072,1.0,0.0,1.0,2,1,0.915190160519,0.0512642780807,10.0,10.0,10.0
4539,1.0,1.0,1.0,2,2,1.97312637766,1.2327767427,9.0,9.0,8.0
2149,1.0,1.0,1.0,2,1,0.604838623639,0.844944471148,9.0,10.0,9.0
11866,1.0,1.0,1.0,1,1,1.96378401186,2.05741109495,0.0,0.0,0.0
4615,1.0,1.0,1.0,2,0,2.18282729931,0.95811476621,10.0,10.0,10.0
6068,1.0,2.0,1.0,2,1,3.21600013617,0.86281539156,0.0,0.0,0.0
10110,1.0,2.0,2.0,4,1,2.16909579884,2.24842853724,0.0,0.0,0.0
5189,1.0,2.0,2.0,3,0,2.31817918069,0.113077874747,10.0,10.0,9.0
8230,1.5,1.0,1.0,4,2,2.20599312734,0.836624607456,10.0,9.0,9.0
13272,1.0,1.0,1.0,2,1,6.23453252582,2.38510837731,0.0,0.0,0.0
10530,1.0,1.0,2.0,4,2,1.35029158894,1.76333727125,9.0,9.0,9.0
11205,1.0,1.0,1.0,2,1,2.86588775982,1.10728408153,10.0,9.0,8.0
8603,1.0,1.0,2.0,2,1,1.82043155301,0.625396900515,10.0,10.0,10.0
11292,1.0,1.0,1.0,2,1,2.13338664792,1.97149028971,9.0,9.0,9.0
12139,1.0,1.0,2.0,3,1,1.44527811532,1.9417408689,10.0,10.0,10.0
1935,1.0,1.0,1.0,2,1,1.07811305565,1.24168837509,10.0,10.0,10.0
3612,1.0,1.0,2.0,4,2,2.72384080553,1.95895675638,8.0,8.0,8.0
5961,1.0,1.0,1.0,2,2,3.48704605921,1.31665074516,10.0,9.0,9.0
12197,1.0,1.0,1.0,2,1,2.68878281939,1.29447914608,10.0,10.0,8.0
3382,1.0,1.0,1.0,2,2,3.06140887543,1.87901746867,0.0,0.0,0.0
3317,1.5,1.0,1.0,2,2,3.26969306925,1.96903157695,9.0,9.0,9.0
10645,1.0,1.0,1.0,2,2,1.85165051745,2.2384452512,10.0,9.0,9.0
13682,1.0,1.0,1.0,2,1,6.71117396166,2.50243690065,10.0,8.0,9.0
2011,1.0,1.0,2.0,4,2,0.731356425065,0.20213708356,10.0,10.0,9.0
6631,1.0,1.0,1.0,2,2,1.60332668693,1.82902469761,9.0,9.0,9.0
3713,1.0,1.0,2.0,4,2,1.19773925176,0.334587638938,9.0,10.0,9.0
13688,1.0,1.0,1.0,2,1,5.9755823286,1.5815954689,9.0,9.0,9.0
8250,1.0,2.0,3.0,4,2,1.93772322153,0.810872104341,9.0,10.0,9.0
12070,1.0,1.0,1.0,2,2,1.84173134031,2.01094699859,10.0,10.0,10.0
2004,1.5,3.0,3.0,4,1,0.557152297171,0.999737309217,6.0,10.0,6.0
9984,1.0,1.0,1.0,2,1,4.7291697909,0.210377322246,0.0,0.0,0.0
2138,1.0,0.0,1.0,2,1,0.394292544221,0.537632046994,9.0,9.0,9.0
13366,2.0,4.0,1.0,9,1,4.34679470786,0.618440915509,8.0,8.0,7.0
3366,1.0,1.0,1.0,2,1,3.15855762901,1.69011992804,6.0,8.0,6.0
6184,1.5,2.0,3.0,5,2,9.5949112138,0.489825179062,9.0,8.0,7.0
1145,1.0,0.0,2.0,2,2,0.995059791938,1.47214040637,7.0,9.0,8.0
8016,1.0,1.0,1.0,2,1,2.21250155569,0.746099933717,10.0,10.0,10.0
7386,1.0,1.0,1.0,2,1,2.86066007697,0.926379095164,9.0,9.0,9.0
1629,1.0,1.0,2.0,4,2,0.578498846631,1.0982080638,10.0,10.0,9.0
10802,1.0,1.0,1.0,2,1,3.02862111071,0.921878047732,0.0,0.0,0.0
7641,1.0,1.0,2.0,3,2,2.3815486292,1.51694476298,9.0,10.0,9.0
1385,1.0,1.0,1.0,2,1,1.21758247333,0.889385404613,0.0,0.0,0.0
5019,1.5,2.0,2.0,4,1,2.4710857441,1.16792728982,0.0,0.0,0.0
6854,1.0,3.0,3.0,4,1,1.89878579487,1.91702983767,10.0,10.0,8.0
9491,1.0,1.0,2.0,4,2,2.45874002521,1.54057316382,9.0,9.0,9.0
12761,1.0,1.0,4.0,4,1,2.43073865319,1.40647924361,9.0,9.0,9.0
7834,1.0,1.0,1.0,2,1,2.37809754159,1.60252623815,10.0,10.0,9.0
13692,1.0,1.0,1.0,1,1,6.90679867769,2.51563234135,9.0,9.0,10.0
8279,1.0,1.0,2.0,2,2,3.23507747881,0.806527935491,0.0,0.0,0.0
9813,2.0,4.0,4.0,7,4,2.57741681014,1.65421018782,10.0,10.0,10.0
1362,1.0,2.0,2.0,4,4,1.15188377675,1.43183244442,10.0,10.0,9.0
1481,1.0,2.0,2.0,4,2,1.12323437431,1.64191303198,10.0,10.0,9.0
1401,3.0,2.0,4.0,4,2,1.39612117644,1.16928018675,9.0,10.0,10.0
10120,1.0,1.0,1.0,2,1,2.2444055631,2.09367958108,0.0,0.0,0.0
7938,1.0,2.0,2.0,4,3,2.30753105922,0.84161219475,8.0,10.0,8.0
5499,1.0,1.0,1.0,2,1,2.62645367902,0.56164897539,10.0,9.0,9.0
10611,1.0,1.0,1.0,2,1,1.406159211,1.87197624439,0.0,0.0,0.0
13074,1.0,2.0,2.0,4,2,2.81178961238,1.24498308566,10.0,9.0,9.0
6997,1.0,1.0,2.0,2,1,1.87737557297,1.93847264921,0.0,0.0,0.0
10792,1.0,2.0,2.0,4,2,2.36823251776,1.92155768163,10.0,9.0,9.0
11867,1.0,2.0,2.0,4,1,2.30428497788,2.16186260919,10.0,10.0,9.0
7555,1.5,1.0,1.0,2,1,3.43920907325,0.560807828032,0.0,0.0,0.0
1621,1.0,2.0,4.0,4,2,0.541525917458,0.700735352368,9.0,10.0,9.0
7811,1.0,2.0,2.0,4,1,2.92734059661,1.15031806482,10.0,9.0,10.0
8369,1.0,2.0,2.0,4,2,1.81672679438,1.38545032035,10.0,10.0,8.0
5136,1.0,1.0,1.0,2,1,2.78660024364,0.932589082421,10.0,10.0,10.0
12852,1.5,1.0,1.0,2,1,2.35855725616,1.479857923,10.0,10.0,10.0
9540,1.0,1.0,1.0,2,1,3.43268442109,1.27421723498,10.0,9.0,10.0
7126,1.5,2.0,2.0,4,1,1.43966332803,1.9222264593,10.0,9.0,8.0
3833,1.0,1.0,1.0,2,1,1.05576510125,1.23108615231,10.0,10.0,9.0
11705,1.0,1.0,1.0,2,1,3.03342378732,1.17523780658,8.0,8.0,8.0
4740,1.5,1.0,3.0,5,1,1.13682494354,0.572573107562,10.0,10.0,9.0
8755,1.0,1.0,3.0,4,1,1.76399318716,1.14153216402,0.0,0.0,0.0
12677,1.0,2.0,2.0,4,1,2.66059299312,1.14298935943,0.0,0.0,0.0
13099,1.0,1.0,1.0,2,1,3.16948679118,0.852664462328,9.0,9.0,9.0
12976,1.0,2.0,2.0,4,1,2.84333703918,1.14397804849,10.0,6.0,8.0
7895,1.0,1.0,1.0,2,2,2.71737133889,1.24735166436,10.0,10.0,10.0
9777,1.0,1.0,1.0,2,1,3.5230085803,1.27966349928,10.0,9.0,10.0
10926,1.0,1.0,1.0,2,1,1.38428378938,1.8425770142,10.0,9.0,9.0
12260,1.0,1.0,1.0,2,1,2.95929579892,1.36677284842,10.0,10.0,10.0
11710,1.0,0.0,1.0,2,1,1.3264787458,1.76349507187,8.0,10.0,7.0
9070,1.0,1.0,1.0,2,1,3.43604234428,0.866908021262,0.0,0.0,0.0
2184,1.0,1.0,1.0,2,1,1.11939384885,1.56806532285,10.0,10.0,10.0
11460,1.5,1.0,2.0,3,2,2.35979568125,1.93851093336,0.0,0.0,0.0
6291,1.0,1.0,1.0,2,1,1.43153389389,1.82361545462,10.0,9.0,8.0
9762,1.0,1.0,1.0,4,2,3.20439759712,1.44999096725,10.0,9.0,9.0
11774,1.5,1.0,1.0,3,1,2.2678351076,1.67398863151,0.0,0.0,0.0
5760,1.0,1.0,2.0,3,2,2.67373528472,1.20612000961,9.0,9.0,9.0
920,1.0,2.0,2.0,4,4,6.6490702428,3.8307233154,10.0,10.0,10.0
4362,1.0,1.0,1.0,2,1,1.16104022962,0.308513089135,10.0,10.0,9.0
2795,1.0,1.0,1.0,2,2,0.69917940926,1.2178806532,10.0,10.0,9.0
9053,1.0,2.0,2.0,2,2,3.71871720844,0.953242389296,9.0,9.0,10.0
1138,1.5,1.0,1.0,2,1,1.11818697983,1.47025783244,9.0,10.0,9.0
7767,2.0,3.0,4.0,4,4,2.96983467693,0.979416288397,10.0,10.0,10.0
8983,1.0,1.0,1.0,2,1,3.57210189703,1.0946633411,0.0,0.0,0.0
12577,1.0,1.0,2.0,4,1,2.91074990175,0.957372051802,8.0,8.0,8.0
6757,1.0,1.0,3.0,3,2,1.49785975446,1.90936668926,9.0,9.0,8.0
2049,1.0,1.0,2.0,3,3,0.51332769678,0.724590536912,9.0,10.0,8.0
9889,1.0,1.0,1.0,2,1,3.75974815463,0.873017833295,10.0,9.0,9.0
1128,1.0,1.0,1.0,2,1,0.502999375767,0.884118638375,10.0,10.0,9.0
9051,1.0,1.0,1.0,1,0,2.01912749723,1.83593223629,10.0,10.0,10.0
7096,1.5,1.0,1.0,2,2,1.28076816365,1.52447559564,10.0,10.0,10.0
12630,1.0,1.0,2.0,2,1,2.90590864078,1.08673965657,10.0,9.0,9.0
9020,1.0,1.0,1.0,4,2,3.60274006341,1.27476457075,10.0,10.0,9.0
4383,1.0,2.0,3.0,4,0,1.0708254862,0.522196958467,10.0,10.0,9.0
7041,1.0,1.0,1.0,2,2,1.87302949361,1.93760617934,10.0,10.0,10.0
6695,1.0,1.0,2.0,4,1,1.3910690554,1.41844028869,9.0,9.0,9.0
7996,1.0,1.0,1.0,2,1,3.42910456128,0.643489258996,9.0,10.0,10.0
11687,1.0,1.0,1.0,2,1,1.52653055364,1.79716698131,10.0,10.0,9.0
5453,1.0,2.0,2.0,4,1,2.90862229606,0.79328981651,10.0,9.0,9.0
3277,1.0,1.0,1.0,2,2,3.57148357215,2.2545727639,0.0,0.0,0.0
7702,2.5,2.0,2.0,4,2,2.3847302882,1.26175348311,9.0,10.0,9.0
8630,1.0,1.0,2.0,2,1,2.47910498996,1.09815904534,10.0,10.0,9.0
5255,1.0,1.0,1.0,4,1,2.56369761991,1.18965501858,10.0,10.0,10.0
12143,1.0,1.0,1.0,2,1,1.85129833833,2.12240452689,10.0,9.0,10.0
11329,1.0,1.0,2.0,4,3,2.86210790202,1.13080207007,7.0,7.0,8.0
6821,1.0,1.0,1.0,2,1,1.34171401374,1.4728855481,9.0,8.0,7.0
13396,1.0,1.0,1.0,2,1,3.97568025031,0.44589571134,0.0,0.0,0.0
4815,1.5,1.0,1.0,2,2,1.02007894702,1.09805785286,9.0,9.0,9.0
8743,1.0,2.0,2.0,3,1,2.11669518342,1.41107838371,10.0,10.0,10.0
498,1.0,1.0,1.0,2,1,1.7869528153,0.954422794566,9.0,8.0,8.0
5529,1.0,1.0,1.0,2,1,2.51200914956,1.30283852653,9.0,10.0,9.0
13165,1.0,1.0,1.0,2,1,3.16284739548,0.713868129696,0.0,0.0,0.0
9105,1.0,1.0,1.0,2,1,4.2711304896,0.829105527755,10.0,9.0,9.0
398,1.0,1.0,2.0,2,1,3.61105739392,2.83627006368,8.0,8.0,8.0
7973,1.0,1.0,2.0,2,1,3.28444321457,0.762361434,10.0,10.0,10.0
1919,1.0,1.0,1.0,3,2,0.354656284268,0.480884636635,10.0,10.0,9.0
11755,1.0,2.0,4.0,4,2,2.36242746684,2.11478066155,9.0,9.0,9.0
2884,1.5,2.0,2.0,4,2,0.987611360633,1.4886252915,10.0,10.0,10.0
3299,1.0,1.0,1.0,2,1,3.04298981525,1.86026836858,10.0,9.0,9.0
8973,1.0,1.0,3.0,3,1,1.89736134095,1.86235536113,10.0,10.0,10.0
7365,1.0,1.0,1.0,2,1,2.31215490996,1.50224054306,8.0,10.0,8.0
8970,1.5,1.0,1.0,2,1,2.07750540122,1.97391604038,0.0,0.0,0.0
7772,1.0,1.0,2.0,1,1,3.84048444024,0.917070562501,9.0,9.0,9.0
7740,1.0,1.0,1.0,2,1,2.67018045662,0.595264788312,10.0,9.0,10.0
2825,1.5,1.0,1.0,1,1,0.391601296634,0.361635647583,10.0,10.0,10.0
581,1.0,1.0,1.0,2,1,2.47650655791,1.67101321339,10.0,9.0,9.0
3337,1.0,1.0,1.0,2,1,3.34543831133,2.23832120489,0.0,0.0,0.0
8827,1.0,1.0,2.0,2,1,4.39381187655,0.948335408605,9.0,9.0,9.0
12418,1.0,1.0,1.0,2,2,1.59381682791,1.89975725588,9.0,9.0,9.0
6164,1.0,1.0,1.0,2,1,10.3341874907,0.405977133914,9.0,9.0,10.0
11359,1.0,1.0,1.0,2,1,1.49396769166,1.8322906772,10.0,10.0,10.0
3732,1.0,1.0,1.0,2,1,2.14146904985,1.45312579961,10.0,10.0,10.0
1754,1.0,1.0,3.0,3,2,0.888010772535,1.25595507919,9.0,10.0,9.0
8306,1.0,1.0,1.0,4,2,1.9148546658,1.46709549274,8.0,10.0,7.0
5030,1.0,1.0,2.0,3,2,2.15087899947,0.31602824198,9.0,9.0,9.0
2424,1.0,0.0,1.0,2,1,0.979902855105,0.946722699952,0.0,0.0,0.0
6798,1.0,1.0,1.0,2,1,2.08050276364,1.74499890826,10.0,10.0,9.0
12531,1.0,1.0,1.0,2,1,1.4535046322,1.87844613734,10.0,9.0,9.0
2494,1.0,1.0,2.0,3,2,0.552470542021,0.339263822936,10.0,10.0,9.0
6384,1.0,1.0,1.0,4,2,1.34520583331,1.86407784156,9.0,9.0,9.0
12468,1.0,2.0,2.0,4,2,1.56098248537,1.98675586015,10.0,10.0,9.0
1443,1.0,1.0,4.0,4,2,0.975043249122,1.48984032988,10.0,10.0,9.0
2374,1.0,1.0,1.0,2,1,1.04846989901,1.49736785021,0.0,0.0,0.0
9212,1.0,2.0,4.0,4,1,3.63577838891,1.0809812302,10.0,10.0,10.0
10285,1.0,1.0,1.0,2,1,3.08527347072,1.22873291405,0.0,0.0,0.0
4453,1.0,2.0,1.0,2,2,2.49350787425,1.80863183275,10.0,9.0,10.0
4705,1.0,0.0,2.0,4,2,2.31167492077,1.56267404707,9.0,9.0,9.0
6006,1.0,0.0,2.0,4,0,3.99261399937,0.151297113943,10.0,10.0,10.0
8539,1.5,3.0,4.0,4,1,2.64834410522,0.439902963214,0.0,0.0,0.0
8899,1.0,1.0,2.0,2,1,3.11115462261,1.17421287625,10.0,9.0,9.0
3229,1.5,1.0,1.0,2,2,2.88914364518,1.6219591925,10.0,10.0,9.0
3959,1.0,1.0,1.0,2,1,1.5055138784,0.927058872533,9.0,9.0,9.0
11202,1.0,1.0,1.0,3,1,3.00831417657,1.11373722018,10.0,9.0,9.0
7642,1.0,1.0,1.0,5,2,3.22421014321,0.807464529968,10.0,9.0,8.0
11540,1.5,1.0,2.0,4,1,2.32014306487,2.06648847897,10.0,9.0,9.0
11782,1.0,1.0,1.0,2,2,1.99937853286,2.09116391188,10.0,9.0,9.0
7822,1.5,2.0,2.0,3,1,3.15385287815,1.02342302458,9.0,9.0,9.0
5531,1.0,1.0,2.0,3,1,2.83821920323,0.412996676001,10.0,9.0,9.0
6634,1.0,1.0,1.0,2,1,1.36987653531,1.52769064827,0.0,0.0,0.0
609,1.0,2.0,4.0,4,2,2.76511464279,1.93231607032,10.0,9.0,9.0
4022,1.0,1.0,2.0,2,1,0.984159299455,0.693233969834,10.0,10.0,8.0
8981,1.0,4.0,4.0,4,1,3.94561582862,0.626223563816,0.0,0.0,0.0
1394,1.0,1.0,2.0,2,1,1.13098099796,1.13914195669,0.0,0.0,0.0
7850,1.5,1.0,1.0,3,1,2.60679158818,0.846845081045,9.0,10.0,9.0
3203,1.0,1.0,2.0,4,2,3.19934493491,1.75105763618,9.0,7.0,8.0
3383,1.0,0.0,1.0,2,1,2.84295605099,1.72977363384,10.0,10.0,10.0
12165,1.0,1.0,1.0,2,1,2.91295803431,1.4875196912,0.0,0.0,0.0
1189,1.5,1.0,1.0,2,1,0.935244842319,1.45652039164,8.0,10.0,6.0
8056,1.0,0.0,1.0,2,1,1.6737392211,0.95769402143,10.0,10.0,10.0
9092,1.0,1.0,2.0,3,2,3.62297229101,1.1054656914,10.0,10.0,9.0
8267,1.0,1.0,2.0,2,1,3.45759230846,1.03861671333,10.0,9.0,9.0
1974,1.0,1.0,1.0,3,2,0.491867050781,0.513845460886,10.0,10.0,9.0
4628,1.0,1.0,4.0,4,1,2.15057859788,1.23777306536,0.0,0.0,0.0
13255,1.5,1.0,1.0,1,1,4.48401056987,0.563125749647,0.0,0.0,0.0
4943,1.0,1.0,1.0,2,1,1.71468086097,1.20327846898,10.0,6.0,6.0
3448,1.0,1.0,1.0,2,2,3.09384468686,1.95215403526,10.0,9.0,9.0
2030,1.5,1.0,2.0,4,1,0.926421057377,1.34873332832,0.0,0.0,0.0
13288,1.0,1.0,1.0,1,1,5.76695583937,1.96815567694,10.0,9.0,10.0
40,1.0,1.0,1.0,2,2,8.36664142941,0.210513837543,8.0,7.0,8.0
2327,1.0,2.0,2.0,3,1,1.18868627789,1.01515502023,0.0,0.0,0.0
7547,1.0,1.0,1.0,2,1,2.37401802561,1.32653653202,10.0,10.0,10.0
5297,1.0,1.0,1.0,2,2,2.50853437944,1.29209679574,10.0,8.0,9.0
13386,1.0,2.0,2.0,4,3,4.29179764842,0.178459265861,7.0,9.0,7.0
7450,2.0,2.0,2.0,3,2,3.35476280914,0.497828124725,10.0,9.0,10.0
13508,1.0,1.0,1.0,2,1,4.68821644184,0.61670912253,10.0,9.0,9.0
4946,1.5,1.0,1.0,2,1,1.28553475753,0.763724557306,9.0,10.0,9.0
5667,1.0,2.0,2.0,4,4,2.49338495371,0.232794085606,10.0,10.0,8.0
7660,1.0,2.0,1.0,4,2,2.26866190772,1.11938961954,9.0,10.0,10.0
7346,1.0,1.0,1.0,2,1,2.07533015626,0.685919603802,10.0,10.0,9.0
11435,1.0,2.0,2.0,4,4,3.13152261589,1.21439375453,10.0,10.0,10.0
11317,1.0,1.0,1.0,2,1,1.5540193687,2.01377021142,10.0,10.0,10.0
6116,1.0,0.0,2.0,4,1,4.19639706732,0.100035589293,9.0,8.0,9.0
11271,1.0,2.0,2.0,4,2,1.61723999749,2.12471844953,10.0,9.0,10.0
10250,1.0,1.0,1.0,2,1,2.77968993384,1.35970077858,10.0,10.0,9.0
11734,1.0,1.0,2.0,4,1,2.85339370032,1.15408228279,0.0,0.0,0.0
7967,1.0,2.0,1.0,4,2,3.01478720129,0.971613795196,10.0,9.0,9.0
9535,1.0,1.0,1.0,2,2,4.01535749238,0.844826969323,9.0,10.0,10.0
2802,1.0,1.0,1.0,2,2,0.480482986585,0.395571226795,10.0,10.0,9.0
6214,1.0,1.0,1.0,2,1,9.30371650578,0.737864012266,9.0,9.0,9.0
5142,1.0,1.0,1.0,2,1,2.96074426614,0.458060160873,10.0,9.0,9.0
4055,1.0,1.0,1.0,2,2,1.28148675312,1.11243878567,10.0,10.0,10.0
8733,1.0,1.0,1.0,2,1,3.12541571557,0.58399471229,10.0,8.0,6.0
11628,1.0,2.0,2.0,4,1,2.00657992007,2.24260006444,10.0,9.0,9.0
1677,1.0,1.0,1.0,2,2,0.282124502052,0.265449381823,8.0,10.0,8.0
12297,1.0,1.0,2.0,3,1,1.67823290088,2.13521035725,9.0,9.0,7.0
4285,1.0,1.0,1.0,2,2,2.15753762094,1.46495518913,10.0,10.0,9.0
2436,1.0,1.0,1.0,2,1,0.99073576072,1.50859065205,10.0,10.0,9.0
7875,1.0,1.0,1.0,2,2,2.40549873457,1.5430142582,10.0,10.0,10.0
11859,1.0,1.0,1.0,2,1,2.50241835724,1.92389000725,10.0,9.0,9.0
10006,1.0,1.0,1.0,2,1,5.20282597697,0.982645614448,0.0,0.0,0.0
2356,1.0,0.0,1.0,2,1,0.613346161644,1.03055407378,10.0,10.0,10.0
7883,1.5,3.0,3.0,4,2,2.48050085662,1.46078375983,10.0,9.0,9.0
864,1.0,3.0,3.0,4,2,8.59224818499,3.36846921309,10.0,9.0,9.0
6536,1.0,3.0,5.0,5,1,2.54598728476,1.54867163735,10.0,10.0,10.0
9975,1.0,1.0,1.0,2,1,4.72920532327,0.819419002092,9.0,9.0,9.0
10315,1.0,1.0,2.0,3,1,3.01917248047,1.4572325484,9.0,9.0,9.0
9980,1.0,2.0,4.0,2,1,5.64724110077,0.316377970011,0.0,0.0,0.0
8157,1.0,2.0,2.0,4,1,2.13237789777,0.742604802874,10.0,10.0,10.0
4468,1.0,1.0,1.0,2,1,1.67114674548,0.116117184972,10.0,10.0,10.0
6682,1.0,1.0,1.0,2,1,1.70797575799,1.99482080735,0.0,0.0,0.0
10456,1.0,1.0,1.0,2,1,1.83115446414,2.28873361533,10.0,9.0,9.0
4724,1.0,0.0,1.0,2,1,2.3743206615,1.55656019649,10.0,9.0,9.0
9733,2.5,2.0,3.0,4,2,1.884344054,1.92097862715,10.0,10.0,10.0
12656,1.0,1.0,1.0,3,2,2.24086330467,1.56648147981,10.0,9.0,9.0
10976,1.0,1.0,1.0,2,1,1.32164177468,1.65909193965,10.0,10.0,10.0
9060,1.0,1.0,1.0,2,0,3.53713419999,1.10350961979,9.0,9.0,9.0
9432,1.0,1.0,1.0,2,1,4.12600639968,0.956770285817,10.0,9.0,8.0
8500,1.0,1.0,1.0,2,1,1.86353489674,1.47243459969,9.0,10.0,9.0
8957,1.0,1.0,1.0,2,1,1.99292346813,1.87540030639,7.0,10.0,8.0
5578,1.0,1.0,1.0,2,1,2.8670540402,0.442827160902,0.0,0.0,0.0
4176,2.0,3.0,3.0,4,4,2.55757461138,1.92988364866,10.0,9.0,9.0
11760,2.0,1.0,1.0,2,1,2.17413320653,2.21660212077,10.0,10.0,10.0
6876,1.0,1.0,1.0,2,1,1.79578583135,1.60015736393,10.0,10.0,10.0
2059,1.0,1.0,1.0,2,1,0.36548517282,0.88395306821,10.0,10.0,10.0
3088,1.0,1.0,2.0,4,2,3.39232080845,2.22713916294,10.0,8.0,8.0
4197,1.0,1.0,1.0,4,1,1.07788616231,0.510490638343,0.0,0.0,0.0
12526,1.0,1.0,1.0,3,2,2.44895032851,1.48510176792,10.0,9.0,9.0
5979,1.0,0.0,1.0,2,1,4.32546443455,0.367758819547,10.0,10.0,10.0
8740,1.0,3.0,3.0,4,2,1.76692754077,0.489871996801,0.0,0.0,0.0
11830,1.0,1.0,1.0,2,1,2.88443219169,1.23680049727,10.0,9.0,10.0
10514,1.0,2.0,2.0,4,2,1.74378755106,2.22964726692,10.0,9.0,9.0
10394,1.0,1.0,1.0,2,1,2.29142850133,1.66588958944,0.0,0.0,0.0
2862,1.0,1.0,4.0,5,1,0.379495105501,0.183161111905,8.0,10.0,8.0
8467,1.0,3.0,4.0,4,6,2.46867406398,1.46460850497,0.0,0.0,0.0
13453,1.0,1.0,1.0,2,2,3.67647653591,0.445029037694,9.0,8.0,9.0
12207,1.0,1.0,1.0,1,1,1.84060228729,2.12283045074,0.0,0.0,0.0
6881,1.0,0.0,1.0,2,1,1.92957156792,1.69513493267,10.0,10.0,10.0
4975,1.0,1.0,1.0,2,1,1.34968601311,0.308738601008,7.0,9.0,7.0
10195,1.0,1.0,1.0,3,2,2.77257916764,1.26288489195,10.0,9.0,9.0
3160,1.0,1.0,2.0,4,1,2.97604407021,1.74954616346,10.0,9.0,9.0
12916,1.0,3.0,4.0,6,1,2.52132487458,1.29266716633,10.0,9.0,10.0
6227,1.0,2.0,2.0,4,2,1.86432914954,1.94642337529,9.0,9.0,9.0
12955,1.0,1.0,1.0,2,1,3.09452419641,0.716635266554,10.0,9.0,9.0
10094,1.0,1.0,2.0,4,1,4.82529610409,0.904548373838,0.0,0.0,0.0
7824,1.0,0.0,1.0,2,1,3.38444080063,0.880226531111,9.0,9.0,9.0
2228,1.0,1.0,1.0,2,1,1.64266569423,1.35323968269,10.0,10.0,9.0
10206,1.0,2.0,2.0,4,2,2.67537482437,1.25062018937,0.0,10.0,10.0
6823,1.0,1.0,1.0,2,1,1.75102062173,1.89127133623,0.0,0.0,0.0
3920,1.0,1.0,2.0,2,1,1.39397800104,0.876105512394,8.0,10.0,8.0
4974,1.5,1.0,2.0,2,0,1.67192542321,0.138601830875,10.0,9.0,9.0
13431,1.0,1.0,1.0,2,1,4.40164641816,0.687879919141,0.0,0.0,0.0
4538,1.0,1.0,1.0,2,1,1.28314967938,0.402835518241,10.0,8.0,8.0
6544,1.0,1.0,1.0,2,2,2.02580582623,1.78623366908,10.0,10.0,10.0
10370,1.0,1.0,1.0,2,1,2.48500040083,1.80235995045,9.0,9.0,8.0
12044,1.0,1.0,1.0,2,1,2.96018015752,1.31384044742,10.0,10.0,9.0
6736,1.0,1.0,1.0,3,2,1.78614123805,2.07950547812,10.0,9.0,8.0
7504,1.0,1.0,1.0,2,1,2.70408056865,0.673954355202,10.0,10.0,9.0
3095,1.0,2.0,2.0,3,0,3.58569010367,2.36920494639,10.0,10.0,10.0
12449,1.0,1.0,1.0,1,1,2.46335666317,1.96692557479,10.0,9.0,9.0
5702,1.0,1.0,1.0,2,1,2.79760723639,0.722202874842,10.0,10.0,10.0
5772,1.0,1.0,1.0,2,1,2.64662738854,1.14947343251,10.0,9.0,9.0
8769,1.0,1.0,1.0,2,2,2.03034449607,1.05786292347,10.0,10.0,9.0
10334,1.0,2.0,2.0,4,1,2.71225745634,1.77523111541,10.0,9.0,9.0
12510,1.0,2.0,3.0,3,1,2.22873929199,2.03018330875,0.0,0.0,0.0
8962,1.0,1.0,2.0,2,1,3.31669702056,1.05027631919,9.0,9.0,9.0
2435,1.0,1.0,1.0,2,1,0.445678665153,0.301164267557,9.0,10.0,10.0
11695,1.0,1.0,1.0,2,1,2.20615144471,2.21731076667,0.0,0.0,0.0
3973,1.0,1.0,1.0,2,1,1.52531767667,0.934169316108,10.0,10.0,10.0
1591,1.0,1.0,1.0,2,1,0.540165998778,0.394084920988,10.0,10.0,10.0
9664,1.0,1.0,1.0,2,1,3.91368122796,0.684080809909,9.0,9.0,9.0
12191,1.0,1.0,1.0,2,1,2.93293707193,0.998123712601,10.0,8.0,9.0
7196,1.0,1.0,1.0,2,1,2.15622506716,1.65394185053,0.0,0.0,0.0
4660,1.0,2.0,2.0,4,2,0.774770792381,0.259559727897,0.0,0.0,0.0
5428,1.5,1.0,1.0,2,2,1.9690936579,0.377594155521,10.0,10.0,10.0
10626,1.0,1.0,1.0,2,2,2.95925873848,1.16406858694,9.0,9.0,9.0
12036,1.0,2.0,5.0,4,1,2.18102673293,2.21955461099,10.0,10.0,10.0
5292,1.0,1.0,1.0,2,1,2.78954320806,0.395580033137,9.0,9.0,9.0
1497,1.0,2.0,2.0,4,1,1.13882001049,0.833548652457,10.0,10.0,10.0
1732,1.0,1.0,1.0,2,1,0.748625411836,0.461769666074,0.0,0.0,0.0
1650,1.0,0.0,1.0,2,1,0.272757394945,0.747385618946,10.0,10.0,9.0
11635,1.0,1.0,1.0,2,1,1.43610878714,1.75273226516,9.0,9.0,9.0
4290,1.5,2.0,2.0,4,1,1.56024043966,0.108955149102,10.0,10.0,8.0
10799,1.0,3.0,4.0,4,1,2.28765678472,2.07400641379,9.0,9.0,9.0
3394,1.0,2.0,2.0,4,2,3.18741482235,1.6126961377,9.0,8.0,9.0
3622,1.0,1.0,1.0,2,1,2.83567271451,1.69929278956,0.0,0.0,0.0
11131,1.0,1.0,1.0,2,1,2.0933680845,1.92776468019,0.0,0.0,0.0
7352,1.0,3.0,4.0,4,1,3.33260701235,0.817217531977,10.0,10.0,10.0
7607,1.0,1.0,1.0,4,2,2.31501743247,1.0711248197,10.0,10.0,10.0
3788,1.0,1.0,1.0,2,1,1.51781423969,0.451754140401,8.0,9.0,8.0
8789,1.0,1.0,1.0,2,1,2.65902759996,1.28656710218,10.0,10.0,10.0
9974,1.0,1.0,2.0,4,4,5.36898309821,0.308769670026,10.0,10.0,10.0
9025,2.5,2.0,2.0,4,2,3.30441827608,1.25777360029,0.0,0.0,0.0
1307,1.0,1.0,2.0,3,2,0.310795549035,0.521686146939,10.0,10.0,10.0
13579,1.0,1.0,5.0,5,1,3.50721993666,0.62507761107,4.0,6.0,6.0
4883,1.0,1.0,1.0,2,2,1.28070636145,1.12345163647,9.0,10.0,9.0
11008,1.0,1.0,1.0,2,1,1.97097561768,2.200220802,9.0,9.0,8.0
3874,1.0,1.0,2.0,4,2,0.905856066099,0.387145079372,10.0,10.0,9.0
4446,1.0,0.0,3.0,4,2,0.817126844841,0.349263268485,10.0,10.0,9.0
1579,1.0,1.0,3.0,4,2,0.380605712598,0.325102586314,10.0,10.0,10.0
5591,1.0,3.0,3.0,4,1,2.55885480107,0.133359990091,10.0,10.0,10.0
9740,1.0,1.0,1.0,2,1,3.62786789322,1.26730194115,10.0,9.0,9.0
8574,1.0,1.0,1.0,2,1,3.27301426908,0.862912606315,9.0,9.0,8.0
6761,1.5,1.0,1.0,2,1,1.79424355033,1.91374992889,0.0,0.0,0.0
11148,1.0,1.0,2.0,3,1,2.99164111396,1.11591066915,10.0,10.0,10.0
12766,1.0,1.0,1.0,2,0,3.06499347515,0.947442141686,9.0,9.0,9.0
7361,1.0,1.0,1.0,2,1,2.65535437027,1.28136810176,10.0,8.0,2.0
5349,1.0,1.0,2.0,4,2,2.48272183907,0.0768069338665,9.0,8.0,7.0
13517,1.0,2.0,2.0,4,2,3.56552469824,0.792592380245,10.0,9.0,8.0
4642,1.0,0.0,1.0,2,2,0.983360167543,1.05128127057,10.0,10.0,9.0
