"","x"
"1",95
"2",60
"3",45
"4",35
"5",39
"6",80
"7",191
"8",129
"9",120
"10",111
"11",251
"12",45
"13",150
"14",30
"15",99
"16",40
"17",40
"18",29
"19",45
"20",30
"21",55
"22",130
"23",69
"24",49
"25",80
"26",52
"27",85
"28",30
"29",35
"30",100
"31",70
"32",50
"33",79
"34",120
"35",65
"36",45
"37",55
"38",120
"39",40
"40",36
"41",50
"42",27
"43",65
"44",77
"45",75
"46",99
"47",50
"48",89
"49",45
"50",100
"51",50
"52",98
"53",60
"54",45
"55",30
"56",140
"57",55
"58",75
"59",80
"60",50
"61",45
"62",93
"63",45
"64",115
"65",45
"66",75
"67",110
"68",30
"69",99
"70",70
"71",50
"72",65
"73",49
"74",75
"75",60
"76",99
"77",70
"78",90
"79",220
"80",90
"81",120
"82",45
"83",74
"84",102
"85",64
"86",125
"87",150
"88",70
"89",100
"90",150
"91",65
"92",100
"93",69
"94",120
"95",85
"96",130
"97",181
"98",90
"99",160
"100",75
"101",90
"102",90
"103",226
"104",68
"105",200
"106",70
"107",80
"108",360
"109",79
"110",85
"111",85
"112",65
"113",150
"114",150
"115",99
"116",60
"117",65
"118",80
"119",150
"120",69
"121",208
"122",140
"123",55
"124",95
"125",300
"126",111
"127",65
"128",120
"129",55
"130",171
"131",69
"132",75
"133",175
"134",120
"135",255
"136",175
"137",200
"138",60
"139",69
"140",149
"141",168
"142",68
"143",50
"144",139
"145",78
"146",91
"147",60
"148",146
"149",55
"150",100
"151",100
"152",81
"153",140
"154",100
"155",125
"156",60
"157",120
"158",50
"159",120
"160",165
"161",149
"162",125
"163",80
"164",55
"165",180
"166",169
"167",120
"168",95
"169",63
"170",149
"171",80
"172",70
"173",74
"174",90
"175",37
"176",65
"177",140
"178",175
"179",175
"180",50
"181",140
"182",140
"183",149
"184",65
"185",56
"186",150
"187",62
"188",75
"189",190
"190",45
"191",150
"192",125
"193",100
"194",49
"195",226
"196",80
"197",200
"198",181
"199",99
"200",78
"201",46
"202",53
"203",62
"204",90
"205",85
"206",60
"207",226
"208",120
"209",130
"210",80
"211",85
"212",250
"213",87
"214",112
"215",150
"216",251
"217",91
"218",130
"219",55
"220",38
"221",46
"222",80
"223",59
"224",195
"225",95
"226",100
"227",58
"228",511
"229",59
"230",100
"231",139
"232",75
"233",89
"234",99
"235",69
"236",300
"237",220
"238",150
"239",40
"240",74
"241",120
"242",100
"243",100
"244",35
"245",90
"246",85
"247",49
"248",100
"249",75
"250",60
"251",150
"252",100
"253",75
"254",112
"255",45
"256",150
"257",111
"258",191
"259",79
"260",70
"261",65
"262",149
"263",70
"264",55
"265",45
"266",175
"267",70
"268",70
"269",195
"270",40
"271",50
"272",140
"273",195
"274",80
"275",79
"276",70
"277",55
"278",40
"279",100
"280",175
"281",70
"282",90
"283",75
"284",90
"285",49
"286",74
"287",90
"288",111
"289",81
"290",125
"291",85
"292",152
"293",120
"294",70
"295",175
"296",75
"297",40
"298",80
"299",95
"300",65
"301",58
"302",52
"303",219
"304",45
"305",62
"306",65
"307",85
"308",100
"309",150
"310",80
"311",149
"312",220
"313",139
"314",65
"315",77
"316",149
"317",171
"318",200
"319",80
"320",80
"321",99
"322",114
"323",210
"324",95
"325",70
"326",100
"327",50
"328",180
"329",149
"330",99
"331",149
"332",50
"333",200
"334",105
"335",36
"336",181
"337",65
"338",93
"339",95
"340",64
"341",65
"342",65
"343",195
"344",70
"345",47
"346",216
"347",50
"348",59
"349",40
"350",65
"351",120
"352",100
"353",111
"354",50
"355",120
"356",150
"357",35
"358",110
"359",72
"360",62
"361",59
"362",99
"363",49
"364",49
"365",241
"366",75
"367",60
"368",50
"369",191
"370",40
"371",100
"372",37
"373",95
"374",160
"375",80
"376",300
"377",95
"378",49
"379",155
"380",81
"381",70
"382",110
"383",50
"384",85
"385",136
"386",110
"387",60
"388",150
"389",30
"390",70
"391",89
"392",70
"393",75
"394",70
"395",79
"396",140
"397",150
"398",95
"399",45
"400",140
"401",100
"402",146
"403",85
"404",150
"405",85
"406",50
"407",85
"408",90
"409",99
"410",55
"411",111
"412",71
"413",100
"414",45
"415",111
"416",75
"417",120
"418",79
"419",74
"420",501
"421",50
"422",110
"423",100
"424",70
"425",95
"426",105
"427",140
"428",125
"429",100
"430",130
"431",60
"432",155
"433",80
"434",60
"435",50
"436",70
"437",70
"438",150
"439",100
"440",150
"441",105
"442",90
"443",451
"444",436
"445",69
"446",95
"447",149
"448",60
"449",60
"450",95
"451",50
"452",75
"453",65
"454",99
"455",115
"456",87
"457",175
"458",99
"459",68
"460",95
"461",70
"462",175
"463",146
"464",150
"465",200
"466",111
"467",80
"468",85
"469",181
"470",75
"471",100
"472",175
"473",73
"474",45
"475",80
"476",85
"477",55
"478",115
"479",89
"480",69
"481",125
"482",70
"483",125
"484",78
"485",125
"486",95
"487",165
"488",50
"489",84
"490",60
"491",146
"492",130
"493",150
"494",110
"495",175
"496",95
"497",99
"498",149
"499",25
"500",89
"501",80
"502",99
"503",95
"504",150
"505",95
"506",85
"507",100
"508",95
"509",131
"510",60
"511",120
"512",41
"513",200
"514",130
"515",37
"516",120
"517",130
"518",136
"519",60
"520",130
"521",79
"522",251
"523",99
"524",130
"525",110
"526",175
"527",105
"528",110
"529",120
"530",95
"531",81
"532",125
"533",80
"534",75
"535",75
"536",70
"537",99
"538",251
"539",60
"540",89
"541",120
"542",75
"543",200
"544",82
"545",100
"546",96
"547",436
"548",104
"549",140
"550",286
"551",325
"552",140
"553",65
"554",140
"555",125
"556",54
"557",596
"558",100
"559",60
"560",55
"561",70
"562",140
"563",111
"564",226
"565",75
"566",75
"567",75
"568",120
"569",75
"570",80
"571",171
"572",80
"573",120
"574",150
"575",60
"576",160
"577",199
"578",58
"579",501
"580",110
"581",99
"582",75
"583",95
"584",98
"585",175
"586",220
"587",130
"588",117
"589",165
"590",55
"591",90
"592",125
"593",130
"594",220
"595",86
"596",160
"597",451
"598",70
"599",241
"600",95
"601",175
"602",381
"603",251
"604",50
"605",120
"606",195
"607",95
"608",125
"609",139
"610",100
"611",111
"612",75
"613",90
"614",71
"615",75
"616",80
"617",85
"618",99
"619",120
"620",226
"621",85
"622",200
"623",140
"624",59
"625",115
"626",50
"627",245
"628",68
"629",165
"630",140
"631",95
"632",146
"633",95
"634",75
"635",235
"636",150
"637",75
"638",125
"639",79
"640",100
"641",40
"642",100
"643",1307
"644",564
"645",80
"646",90
"647",136
"648",200
"649",85
"650",65
"651",150
"652",139
"653",84
"654",80
"655",150
"656",111
"657",90
"658",111
"659",69
"660",90
"661",111
"662",60
"663",149
"664",159
"665",175
"666",75
"667",90
"668",251
"669",84
"670",115
"671",130
"672",99
"673",200
"674",111
"675",129
"676",148
"677",79
"678",75
"679",50
"680",150
"681",80
"682",50
"683",110
"684",85
"685",99
"686",426
"687",85
"688",85
"689",75
"690",95
"691",75
"692",60
"693",39
"694",75
"695",75
"696",88
"697",85
"698",75
"699",60
"700",149
"701",160
"702",80
"703",99
"704",59
"705",60
"706",136
"707",160
"708",111
"709",194
"710",125
"711",82
"712",125
"713",195
"714",65
"715",100
"716",150
"717",80
"718",111
"719",701
"720",251
"721",100
"722",276
"723",350
"724",110
"725",35
"726",120
"727",105
"728",99
"729",125
"730",120
"731",401
"732",111
"733",73
"734",80
"735",136
"736",70
"737",110
"738",111
"739",134
"740",65
"741",65
"742",70
"743",145
"744",79
"745",70
"746",120
"747",62
"748",70
"749",125
"750",279
"751",421
"752",60
"753",175
"754",75
"755",90
"756",85
"757",150
"758",251
"759",150
"760",95
"761",110
"762",115
"763",95
"764",120
"765",140
"766",95
"767",140
"768",120
"769",95
"770",100
"771",99
"772",82
"773",89
"774",75
"775",75
"776",70
"777",100
"778",150
"779",80
"780",105
"781",40
"782",80
"783",50
"784",44
"785",79
"786",88
"787",276
"788",120
"789",137
"790",140
"791",79
"792",140
"793",45
"794",125
"795",200
"796",276
"797",69
"798",436
"799",99
"800",90
"801",149
"802",226
"803",40
"804",30
"805",100
"806",150
"807",150
"808",45
"809",100
"810",70
"811",65
"812",65
"813",150
"814",65
"815",53
"816",85
"817",140
"818",100
"819",45
"820",251
"821",136
"822",120
"823",95
"824",150
"825",125
"826",150
"827",61
"828",150
"829",69
"830",90
"831",315
"832",175
"833",70
"834",175
"835",159
"836",149
"837",130
"838",129
"839",200
"840",136
"841",112
"842",150
"843",150
"844",150
"845",64
"846",200
"847",111
"848",181
"849",175
"850",601
"851",175
"852",241
"853",111
"854",149
"855",200
"856",120
"857",210
"858",90
"859",251
"860",321
"861",120
"862",175
"863",99
"864",120
"865",125
"866",74
"867",160
"868",45
"869",100
"870",79
"871",149
"872",125
"873",324
"874",180
"875",65
"876",150
"877",80
"878",296
"879",55
"880",136
"881",300
"882",169
"883",89
"884",200
"885",79
"886",150
"887",75
"888",125
"889",125
"890",120
"891",149
"892",150
"893",85
"894",133
"895",65
"896",220
"897",300
"898",220
"899",75
"900",114
"901",65
"902",65
"903",251
"904",300
"905",171
"906",65
"907",175
"908",75
"909",125
"910",115
"911",175
"912",185
"913",70
"914",195
"915",50
"916",40
"917",99
"918",75
"919",220
"920",140
"921",89
"922",65
"923",160
"924",105
"925",65
"926",350
"927",190
"928",70
"929",55
"930",50
"931",111
"932",175
"933",85
"934",74
"935",115
"936",159
"937",150
"938",50
"939",69
"940",129
"941",99
"942",130
"943",136
"944",65
"945",485
"946",140
"947",111
"948",199
"949",149
"950",95
"951",149
"952",149
"953",220
"954",130
"955",149
"956",58
"957",68
"958",220
"959",99
"960",159
"961",50
"962",85
"963",50
"964",120
"965",226
"966",85
"967",80
"968",159
"969",50
"970",80
"971",149
"972",100
"973",181
"974",150
"975",85
"976",165
"977",149
"978",146
"979",165
"980",601
"981",50
"982",100
"983",175
"984",130
"985",150
"986",62
"987",149
"988",111
"989",50
"990",128
"991",85
"992",149
"993",395
"994",120
"995",376
"996",75
"997",149
"998",79
"999",200
"1000",181
"1001",31
"1002",185
"1003",60
"1004",120
"1005",165
"1006",226
"1007",85
"1008",111
"1009",89
"1010",120
"1011",165
"1012",149
"1013",191
"1014",130
"1015",95
"1016",136
"1017",190
"1018",149
"1019",195
"1020",200
"1021",146
"1022",50
"1023",80
"1024",72
"1025",111
"1026",90
"1027",95
"1028",60
"1029",140
"1030",100
"1031",226
"1032",300
"1033",129
"1034",89
"1035",381
"1036",276
"1037",276
"1038",98
"1039",54
"1040",70
"1041",120
"1042",69
"1043",59
"1044",175
"1045",125
"1046",99
"1047",175
"1048",175
"1049",239
"1050",421
"1051",150
"1052",55
"1053",125
"1054",80
"1055",185
"1056",175
"1057",74
"1058",149
"1059",60
"1060",120
"1061",149
"1062",111
"1063",79
"1064",149
"1065",226
"1066",200
"1067",226
"1068",209
"1069",150
"1070",68
"1071",189
"1072",38
"1073",191
"1074",185
"1075",150
"1076",79
"1077",90
"1078",129
"1079",200
"1080",251
"1081",210
"1082",175
"1083",112
"1084",146
"1085",350
"1086",115
"1087",146
"1088",185
"1089",130
"1090",148
"1091",160
"1092",110
"1093",200
"1094",111
"1095",100
"1096",111
"1097",111
"1098",251
"1099",325
"1100",95
"1101",146
"1102",120
"1103",210
"1104",65
"1105",140
"1106",120
"1107",79
"1108",130
"1109",99
"1110",100
"1111",80
"1112",55
"1113",100
"1114",174
"1115",155
"1116",125
"1117",129
"1118",120
"1119",84
"1120",99
"1121",226
"1122",164
"1123",200
"1124",95
"1125",149
"1126",165
"1127",129
"1128",99
"1129",110
"1130",169
"1131",136
"1132",50
"1133",180
"1134",139
"1135",200
"1136",120
"1137",130
"1138",175
"1139",90
"1140",130
"1141",802
"1142",150
"1143",195
"1144",157
"1145",99
"1146",120
"1147",106
"1148",200
"1149",35
"1150",75
"1151",129
"1152",159
"1153",136
"1154",120
"1155",165
"1156",140
"1157",99
"1158",100
"1159",130
"1160",181
"1161",160
"1162",190
"1163",99
"1164",146
"1165",100
"1166",45
"1167",175
"1168",251
"1169",150
"1170",501
"1171",85
"1172",185
"1173",100
"1174",111
"1175",70
"1176",99
"1177",99
"1178",140
"1179",99
"1180",181
"1181",70
"1182",125
"1183",140
"1184",125
"1185",150
"1186",180
"1187",99
"1188",80
"1189",100
"1190",70
"1191",189
"1192",79
"1193",64
"1194",120
"1195",111
"1196",112
"1197",125
"1198",129
"1199",381
"1200",150
"1201",150
"1202",150
"1203",80
"1204",160
"1205",120
"1206",300
"1207",139
"1208",199
"1209",165
"1210",129
"1211",140
"1212",251
"1213",501
"1214",328
"1215",99
"1216",237
"1217",191
"1218",174
"1219",251
"1220",300
"1221",115
"1222",140
"1223",149
"1224",210
"1225",99
"1226",300
"1227",165
"1228",149
"1229",220
"1230",200
"1231",111
"1232",276
"1233",265
"1234",280
"1235",315
"1236",93
"1237",159
"1238",241
"1239",138
"1240",226
"1241",130
"1242",146
"1243",85
"1244",171
"1245",111
"1246",120
"1247",130
"1248",100
"1249",111
"1250",159
"1251",125
"1252",175
"1253",181
"1254",90
"1255",251
"1256",300
"1257",140
"1258",190
"1259",65
"1260",85
"1261",105
"1262",136
"1263",111
"1264",95
"1265",140
"1266",115
"1267",90
"1268",175
"1269",75
"1270",98
"1271",80
"1272",150
"1273",241
"1274",155
"1275",160
"1276",100
"1277",120
"1278",180
"1279",90
"1280",85
"1281",125
"1282",241
"1283",150
"1284",136
"1285",251
"1286",99
"1287",125
"1288",143
"1289",360
"1290",84
"1291",226
"1292",80
"1293",150
"1294",120
"1295",99
"1296",130
"1297",181
"1298",85
"1299",111
"1300",273
"1301",99
"1302",150
"1303",235
"1304",125
"1305",199
"1306",85
"1307",280
"1308",120
"1309",111
"1310",114
"1311",90
"1312",230
"1313",276
"1314",251
"1315",125
"1316",149
"1317",130
"1318",300
"1319",401
"1320",351
"1321",120
"1322",140
"1323",79
"1324",139
"1325",401
"1326",146
"1327",136
"1328",198
"1329",175
"1330",181
"1331",401
"1332",315
"1333",58
"1334",105
"1335",85
"1336",165
"1337",199
"1338",129
"1339",175
"1340",140
"1341",150
"1342",85
"1343",110
"1344",171
"1345",120
"1346",80
"1347",150
"1348",120
"1349",276
"1350",110
"1351",139
"1352",105
"1353",1253
"1354",121
"1355",191
"1356",401
"1357",114
"1358",251
"1359",199
"1360",191
"1361",79
"1362",149
"1363",175
"1364",98
"1365",120
"1366",136
"1367",150
"1368",90
"1369",111
"1370",99
"1371",176
"1372",130
"1373",99
"1374",129
"1375",171
"1376",210
"1377",115
"1378",175
"1379",175
"1380",146
"1381",175
"1382",220
"1383",350
"1384",220
"1385",220
"1386",70
"1387",99
"1388",220
"1389",120
"1390",165
"1391",90
"1392",150
"1393",139
"1394",181
"1395",120
"1396",120
"1397",160
"1398",130
"1399",115
"1400",381
"1401",85
"1402",200
"1403",200
"1404",136
"1405",89
"1406",341
"1407",160
"1408",130
"1409",120
"1410",160
"1411",136
"1412",99
"1413",200
"1414",300
"1415",200
"1416",165
"1417",140
"1418",85
"1419",99
"1420",70
"1421",149
"1422",481
"1423",114
"1424",140
"1425",175
"1426",85
"1427",230
"1428",158
"1429",226
"1430",91
"1431",120
"1432",139
"1433",651
"1434",139
"1435",150
"1436",261
"1437",120
"1438",376
"1439",200
"1440",120
"1441",129
"1442",115
"1443",168
"1444",150
"1445",110
"1446",181
"1447",160
"1448",129
"1449",181
"1450",230
"1451",100
"1452",99
"1453",150
"1454",136
"1455",100
"1456",157
"1457",175
"1458",160
"1459",226
"1460",200
"1461",200
"1462",185
"1463",74
"1464",200
"1465",169
"1466",136
"1467",451
"1468",169
"1469",261
"1470",276
"1471",150
"1472",95
"1473",150
"1474",136
"1475",150
"1476",136
"1477",200
"1478",89
"1479",136
"1480",140
"1481",280
"1482",140
"1483",169
"1484",95
"1485",269
"1486",200
"1487",150
"1488",150
"1489",120
"1490",140
"1491",120
"1492",195
"1493",150
"1494",210
"1495",120
"1496",200
"1497",181
"1498",175
"1499",99
"1500",111
"1501",99
"1502",74
"1503",89
"1504",261
"1505",120
"1506",286
"1507",181
"1508",350
"1509",100
"1510",100
"1511",174
"1512",89
"1513",120
"1514",140
"1515",185
"1516",226
"1517",105
"1518",115
"1519",150
"1520",150
"1521",110
"1522",136
"1523",120
"1524",95
"1525",126
"1526",140
"1527",130
"1528",159
"1529",111
"1530",80
"1531",130
"1532",163
"1533",130
"1534",136
"1535",95
"1536",130
"1537",111
"1538",111
"1539",121
"1540",270
"1541",150
"1542",251
"1543",140
"1544",243
"1545",105
"1546",128
"1547",251
"1548",190
"1549",80
"1550",160
"1551",110
"1552",115
"1553",315
"1554",165
"1555",550
"1556",801
"1557",346
"1558",111
"1559",115
"1560",276
"1561",120
"1562",136
"1563",251
"1564",195
"1565",501
"1566",149
"1567",251
"1568",150
"1569",132
"1570",150
"1571",85
"1572",90
"1573",226
"1574",140
"1575",158
"1576",245
"1577",100
"1578",561
"1579",155
"1580",120
"1581",149
"1582",125
"1583",216
"1584",115
"1585",124
"1586",146
"1587",99
"1588",85
"1589",155
"1590",70
"1591",165
"1592",111
"1593",251
"1594",165
"1595",89
"1596",95
"1597",136
"1598",181
"1599",140
"1600",300
"1601",300
"1602",136
"1603",125
"1604",150
"1605",125
"1606",90
"1607",99
"1608",99
"1609",171
"1610",376
"1611",251
"1612",181
"1613",350
"1614",160
"1615",180
"1616",117
"1617",401
"1618",171
"1619",131
"1620",110
"1621",90
"1622",150
"1623",190
"1624",120
"1625",130
"1626",121
"1627",171
"1628",251
"1629",136
"1630",120
"1631",195
"1632",321
"1633",125
"1634",150
"1635",175
"1636",90
"1637",95
"1638",65
"1639",160
"1640",200
"1641",40
"1642",251
"1643",99
"1644",181
"1645",95
"1646",129
"1647",220
"1648",146
"1649",99
"1650",130
"1651",111
"1652",111
"1653",200
"1654",120
"1655",280
"1656",276
"1657",80
"1658",100
"1659",99
"1660",130
"1661",75
"1662",99
"1663",209
"1664",206
"1665",191
"1666",75
"1667",350
"1668",199
"1669",331
"1670",169
"1671",210
"1672",441
"1673",358
"1674",69
"1675",150
"1676",296
"1677",150
"1678",98
"1679",65
"1680",158
"1681",150
"1682",200
"1683",150
"1684",191
"1685",100
"1686",401
"1687",276
"1688",150
"1689",175
"1690",175
"1691",150
"1692",125
"1693",350
"1694",159
"1695",200
"1696",299
"1697",95
"1698",276
"1699",451
"1700",99
"1701",130
"1702",111
"1703",100
"1704",110
"1705",175
"1706",351
"1707",130
"1708",146
"1709",125
"1710",149
"1711",45
"1712",100
"1713",98
"1714",190
"1715",130
"1716",70
"1717",160
"1718",139
"1719",120
"1720",220
"1721",90
"1722",99
"1723",139
"1724",270
"1725",111
"1726",89
"1727",175
"1728",200
"1729",311
"1730",85
"1731",114
"1732",265
"1733",181
"1734",175
"1735",80
"1736",155
"1737",331
"1738",226
"1739",190
"1740",241
"1741",99
"1742",300
"1743",226
"1744",286
"1745",175
"1746",111
"1747",220
"1748",98
"1749",80
"1750",75
"1751",241
"1752",175
"1753",395
"1754",160
"1755",99
"1756",120
"1757",193
"1758",219
"1759",105
"1760",195
"1761",122
"1762",219
"1763",99
"1764",220
"1765",149
"1766",60
"1767",150
"1768",95
"1769",89
"1770",79
"1771",129
"1772",180
"1773",245
"1774",85
"1775",897
"1776",200
"1777",199
"1778",45
"1779",226
"1780",140
"1781",120
"1782",100
"1783",441
"1784",235
"1785",299
"1786",185
"1787",150
"1788",140
"1789",146
"1790",95
"1791",124
"1792",350
"1793",200
"1794",251
"1795",125
"1796",140
"1797",100
"1798",140
"1799",175
"1800",120
"1801",131
"1802",311
"1803",220
"1804",300
"1805",120
"1806",159
"1807",130
"1808",173
"1809",111
"1810",50
"1811",150
"1812",99
"1813",110
"1814",220
"1815",120
"1816",235
"1817",120
"1818",111
"1819",299
"1820",226
"1821",175
"1822",105
"1823",210
"1824",129
"1825",195
"1826",219
"1827",110
"1828",181
"1829",366
"1830",140
"1831",105
"1832",90
"1833",89
"1834",150
"1835",75
"1836",180
"1837",175
"1838",125
"1839",59
"1840",108
"1841",150
"1842",157
"1843",120
"1844",81
"1845",199
"1846",501
"1847",290
"1848",125
"1849",85
"1850",300
"1851",150
"1852",100
"1853",195
"1854",501
"1855",200
"1856",200
"1857",99
"1858",276
"1859",89
"1860",210
"1861",300
"1862",571
"1863",150
"1864",88
"1865",399
"1866",169
"1867",400
"1868",120
"1869",150
"1870",55
"1871",160
"1872",174
"1873",130
"1874",217
"1875",100
"1876",94
"1877",210
"1878",300
"1879",210
"1880",501
"1881",120
"1882",238
"1883",130
"1884",115
"1885",350
"1886",146
"1887",150
"1888",120
"1889",124
"1890",220
"1891",175
"1892",195
"1893",451
"1894",185
"1895",150
"1896",60
"1897",270
"1898",165
"1899",111
"1900",105
"1901",250
"1902",120
"1903",124
"1904",125
"1905",391
"1906",150
"1907",221
"1908",279
"1909",150
"1910",300
"1911",111
"1912",160
"1913",300
"1914",139
"1915",331
"1916",69
"1917",235
"1918",99
"1919",251
"1920",115
"1921",120
"1922",70
"1923",325
"1924",181
"1925",315
"1926",181
"1927",107
"1928",190
"1929",136
"1930",251
"1931",150
"1932",251
"1933",150
"1934",99
"1935",175
"1936",115
"1937",75
"1938",130
"1939",175
"1940",120
"1941",175
"1942",110
"1943",230
"1944",200
"1945",626
"1946",130
"1947",95
"1948",159
"1949",99
"1950",251
"1951",150
"1952",160
"1953",90
"1954",146
"1955",115
"1956",160
"1957",181
"1958",111
"1959",120
"1960",199
"1961",150
"1962",120
"1963",90
"1964",150
"1965",129
"1966",600
"1967",90
"1968",200
"1969",175
"1970",71
"1971",150
"1972",346
"1973",200
"1974",111
"1975",200
"1976",111
"1977",70
"1978",95
"1979",200
"1980",130
"1981",245
"1982",140
"1983",155
"1984",225
"1985",125
"1986",99
"1987",165
"1988",251
"1989",168
"1990",160
"1991",125
"1992",289
"1993",255
"1994",95
"1995",276
"1996",226
"1997",376
"1998",401
"1999",171
"2000",251
"2001",321
"2002",120
"2003",149
"2004",210
"2005",110
"2006",175
"2007",55
"2008",120
"2009",130
"2010",169
"2011",191
"2012",159
"2013",120
"2014",139
"2015",150
"2016",138
"2017",136
"2018",600
"2019",110
"2020",114
"2021",247
"2022",286
"2023",145
"2024",426
"2025",174
"2026",99
"2027",200
"2028",165
"2029",150
"2030",300
"2031",200
"2032",99
"2033",120
"2034",261
"2035",136
"2036",199
"2037",82
"2038",217
"2039",120
"2040",60
"2041",100
"2042",150
"2043",111
"2044",155
"2045",381
"2046",115
"2047",226
"2048",100
"2049",149
"2050",120
"2051",78
"2052",385
"2053",395
"2054",111
"2055",160
"2056",391
"2057",175
"2058",99
"2059",70
"2060",171
"2061",150
"2062",54
"2063",165
"2064",140
"2065",98
"2066",110
"2067",160
"2068",100
"2069",99
"2070",426
"2071",120
"2072",115
"2073",94
"2074",299
"2075",136
"2076",120
"2077",90
"2078",125
"2079",276
"2080",120
"2081",279
"2082",300
"2083",130
"2084",210
"2085",105
"2086",251
"2087",125
"2088",80
"2089",150
"2090",276
"2091",175
"2092",100
"2093",150
"2094",100
"2095",149
"2096",210
"2097",120
"2098",208
"2099",85
"2100",150
"2101",401
"2102",125
"2103",125
"2104",120
"2105",251
"2106",150
"2107",100
"2108",350
"2109",99
"2110",251
"2111",120
"2112",200
"2113",75
"2114",150
"2115",95
"2116",325
"2117",251
"2118",359
"2119",150
"2120",120
"2121",222
"2122",134
"2123",69
"2124",199
"2125",95
"2126",501
"2127",115
"2128",165
"2129",150
"2130",95
"2131",159
"2132",296
"2133",210
"2134",99
"2135",190
"2136",226
"2137",55
"2138",120
"2139",85
"2140",129
"2141",309
"2142",200
"2143",129
"2144",125
"2145",120
"2146",136
"2147",251
"2148",220
"2149",136
"2150",150
"2151",251
"2152",251
"2153",129
"2154",200
"2155",111
"2156",245
"2157",251
"2158",210
"2159",90
"2160",360
"2161",85
"2162",106
"2163",175
"2164",200
"2165",89
"2166",105
"2167",150
"2168",250
"2169",139
"2170",299
"2171",276
"2172",200
"2173",171
"2174",130
"2175",65
"2176",299
"2177",100
"2178",140
"2179",120
"2180",251
"2181",220
"2182",85
"2183",175
"2184",125
"2185",80
"2186",99
"2187",175
"2188",180
"2189",181
"2190",120
"2191",69
"2192",177
"2193",100
"2194",251
"2195",251
"2196",87
"2197",350
"2198",140
"2199",128
"2200",120
"2201",136
"2202",90
"2203",160
"2204",120
"2205",130
"2206",276
"2207",146
"2208",175
"2209",98
"2210",226
"2211",150
"2212",139
"2213",165
"2214",150
"2215",112
"2216",133
"2217",171
"2218",210
"2219",185
"2220",100
"2221",129
"2222",111
"2223",120
"2224",120
"2225",115
"2226",140
"2227",300
"2228",100
"2229",149
"2230",129
"2231",120
"2232",226
"2233",125
"2234",181
"2235",175
"2236",146
"2237",171
"2238",150
"2239",150
"2240",105
"2241",160
"2242",90
"2243",100
"2244",80
"2245",140
"2246",89
"2247",111
"2248",251
"2249",79
"2250",140
"2251",401
"2252",90
"2253",111
"2254",175
"2255",261
"2256",72
"2257",199
"2258",350
"2259",95
"2260",149
"2261",99
"2262",150
"2263",115
"2264",175
"2265",251
"2266",111
"2267",350
"2268",150
"2269",111
"2270",199
"2271",181
"2272",99
"2273",120
"2274",120
"2275",251
"2276",130
"2277",120
"2278",151
"2279",148
"2280",128
"2281",136
"2282",125
"2283",325
"2284",150
"2285",129
"2286",229
"2287",100
"2288",251
"2289",381
"2290",296
"2291",137
"2292",200
"2293",125
"2294",146
"2295",325
"2296",69
"2297",150
"2298",185
"2299",146
"2300",80
"2301",89
"2302",175
"2303",120
"2304",195
"2305",206
"2306",286
"2307",251
"2308",200
"2309",251
"2310",200
"2311",300
"2312",95
"2313",171
"2314",150
"2315",451
"2316",125
"2317",139
"2318",94
"2319",120
"2320",137
"2321",226
"2322",200
"2323",220
"2324",169
"2325",171
"2326",125
"2327",103
"2328",195
"2329",160
"2330",226
"2331",150
"2332",125
"2333",85
"2334",199
"2335",111
"2336",300
"2337",95
"2338",84
"2339",146
"2340",171
"2341",148
"2342",120
"2343",350
"2344",190
"2345",180
"2346",220
"2347",200
"2348",107
"2349",160
"2350",195
"2351",341
"2352",200
"2353",125
"2354",65
"2355",251
"2356",140
"2357",195
"2358",139
"2359",381
"2360",289
"2361",140
"2362",65
"2363",120
"2364",185
"2365",60
"2366",121
"2367",276
"2368",376
"2369",171
"2370",140
"2371",125
"2372",165
"2373",181
"2374",251
"2375",120
"2376",115
"2377",95
"2378",120
"2379",250
"2380",270
"2381",139
"2382",191
"2383",150
"2384",85
"2385",160
"2386",85
"2387",130
"2388",125
"2389",251
"2390",180
"2391",125
"2392",140
"2393",150
"2394",150
"2395",132
"2396",150
"2397",160
"2398",95
"2399",265
"2400",200
"2401",150
"2402",104
"2403",200
"2404",220
"2405",280
"2406",80
"2407",99
"2408",169
"2409",180
"2410",75
"2411",128
"2412",95
"2413",111
"2414",200
"2415",111
"2416",251
"2417",120
"2418",220
"2419",97
"2420",160
"2421",139
"2422",65
"2423",175
"2424",190
"2425",99
"2426",99
"2427",99
"2428",300
"2429",130
"2430",160
"2431",251
"2432",130
"2433",142
"2434",160
"2435",181
"2436",100
"2437",199
"2438",125
"2439",130
"2440",191
"2441",100
"2442",230
"2443",111
"2444",150
"2445",195
"2446",296
"2447",149
"2448",138
"2449",199
"2450",190
"2451",99
"2452",111
"2453",100
"2454",80
"2455",274
"2456",120
"2457",120
"2458",111
"2459",136
"2460",541
"2461",110
"2462",133
"2463",133
"2464",120
"2465",200
"2466",500
"2467",751
"2468",175
"2469",496
"2470",219
"2471",125
"2472",149
"2473",175
"2474",200
"2475",203
"2476",350
"2477",136
"2478",110
"2479",120
"2480",200
"2481",195
"2482",350
"2483",136
"2484",321
"2485",150
"2486",175
"2487",70
"2488",99
"2489",206
"2490",241
"2491",150
"2492",100
"2493",149
"2494",551
"2495",120
"2496",149
"2497",204
"2498",226
"2499",140
"2500",290
"2501",115
"2502",150
"2503",309
"2504",200
"2505",115
"2506",125
"2507",125
"2508",150
"2509",150
"2510",190
"2511",150
"2512",150
"2513",251
"2514",150
"2515",111
"2516",175
"2517",100
"2518",541
"2519",60
"2520",85
"2521",117
"2522",251
"2523",139
"2524",125
"2525",136
"2526",226
"2527",140
"2528",300
"2529",120
"2530",200
"2531",110
"2532",149
"2533",246
"2534",321
"2535",59
"2536",206
"2537",146
"2538",195
"2539",120
"2540",130
"2541",401
"2542",230
"2543",140
"2544",120
"2545",75
"2546",121
"2547",150
"2548",155
"2549",120
"2550",120
"2551",120
"2552",130
"2553",175
"2554",100
"2555",325
"2556",120
"2557",300
"2558",120
"2559",88
"2560",140
"2561",90
"2562",191
"2563",125
"2564",111
"2565",226
"2566",270
"2567",175
"2568",129
"2569",280
"2570",91
"2571",159
"2572",321
"2573",159
"2574",99
"2575",464
"2576",120
"2577",261
"2578",130
"2579",130
"2580",381
"2581",150
"2582",206
"2583",99
"2584",165
"2585",181
"2586",191
"2587",69
"2588",130
"2589",155
"2590",200
"2591",140
"2592",100
"2593",125
"2594",120
"2595",150
"2596",90
"2597",111
"2598",175
"2599",99
"2600",110
"2601",125
"2602",171
"2603",200
"2604",138
"2605",85
"2606",171
"2607",210
"2608",80
"2609",181
"2610",111
"2611",100
"2612",219
"2613",133
"2614",265
"2615",130
"2616",120
"2617",149
"2618",125
"2619",230
"2620",160
"2621",149
"2622",40
"2623",315
"2624",195
"2625",139
"2626",120
"2627",90
"2628",99
"2629",150
"2630",120
"2631",100
"2632",146
"2633",100
"2634",159
"2635",130
"2636",54
"2637",208
"2638",350
"2639",171
"2640",105
"2641",120
"2642",150
"2643",60
"2644",130
"2645",251
"2646",125
"2647",171
"2648",350
"2649",111
"2650",125
"2651",195
"2652",120
"2653",125
"2654",251
"2655",156
"2656",226
"2657",89
"2658",154
"2659",181
"2660",155
"2661",296
"2662",157
"2663",75
"2664",90
"2665",150
"2666",90
"2667",169
"2668",90
"2669",99
"2670",210
"2671",120
"2672",175
"2673",296
"2674",300
"2675",136
"2676",226
"2677",300
"2678",220
"2679",181
"2680",159
"2681",155
"2682",111
"2683",200
"2684",130
"2685",120
"2686",125
"2687",120
"2688",139
"2689",100
"2690",125
"2691",250
"2692",73
"2693",70
"2694",299
"2695",100
"2696",175
"2697",130
"2698",350
"2699",129
"2700",146
"2701",120
"2702",120
"2703",146
"2704",95
"2705",90
"2706",922
"2707",65
"2708",160
"2709",270
"2710",68
"2711",451
"2712",120
"2713",120
"2714",124
"2715",120
"2716",200
"2717",130
"2718",160
"2719",80
"2720",100
"2721",100
"2722",140
"2723",175
"2724",251
"2725",120
"2726",139
"2727",120
"2728",146
"2729",139
"2730",251
"2731",115
"2732",100
"2733",146
"2734",296
"2735",159
"2736",136
"2737",105
"2738",226
"2739",99
"2740",100
"2741",75
"2742",139
"2743",230
"2744",156
"2745",110
"2746",100
"2747",210
"2748",376
"2749",100
"2750",219
"2751",159
"2752",65
"2753",195
"2754",165
"2755",195
"2756",251
"2757",100
"2758",181
"2759",150
"2760",65
"2761",129
"2762",110
"2763",195
"2764",181
"2765",111
"2766",140
"2767",100
"2768",90
"2769",105
"2770",195
"2771",99
"2772",65
"2773",50
"2774",125
"2775",199
"2776",150
"2777",200
"2778",150
"2779",88
"2780",138
"2781",139
"2782",181
"2783",146
"2784",150
"2785",150
"2786",129
"2787",150
"2788",80
"2789",75
"2790",125
"2791",125
"2792",333
"2793",125
"2794",111
"2795",150
"2796",140
"2797",99
"2798",70
"2799",155
"2800",99
"2801",149
"2802",136
"2803",159
"2804",79
"2805",401
"2806",150
"2807",90
"2808",111
"2809",100
"2810",130
"2811",150
"2812",99
"2813",200
"2814",245
"2815",129
"2816",245
"2817",99
"2818",111
"2819",169
"2820",90
"2821",149
"2822",125
"2823",149
"2824",296
"2825",250
"2826",24
"2827",99
"2828",90
"2829",155
"2830",69
"2831",150
"2832",100
"2833",132
"2834",200
"2835",251
"2836",100
"2837",89
"2838",130
"2839",125
"2840",251
"2841",150
"2842",280
"2843",120
"2844",175
"2845",300
"2846",136
"2847",381
"2848",130
"2849",149
"2850",90
"2851",60
"2852",175
"2853",120
"2854",150
"2855",160
"2856",125
"2857",120
"2858",250
"2859",93
"2860",219
"2861",111
"2862",175
"2863",175
"2864",165
"2865",146
"2866",251
"2867",250
"2868",171
"2869",171
"2870",165
"2871",100
"2872",226
"2873",111
"2874",203
"2875",125
"2876",155
"2877",146
"2878",120
"2879",136
"2880",75
"2881",129
"2882",251
"2883",280
"2884",85
"2885",171
"2886",130
"2887",55
"2888",129
"2889",300
"2890",100
"2891",129
"2892",185
"2893",150
"2894",100
"2895",251
"2896",111
"2897",120
"2898",130
"2899",146
"2900",200
"2901",156
"2902",150
"2903",199
"2904",120
"2905",175
"2906",159
"2907",200
"2908",185
"2909",120
"2910",149
"2911",80
"2912",111
"2913",150
"2914",125
"2915",181
"2916",100
"2917",150
"2918",136
"2919",149
"2920",350
"2921",230
"2922",100
"2923",175
"2924",95
"2925",120
"2926",195
"2927",167
"2928",376
"2929",125
"2930",200
"2931",100
"2932",175
"2933",111
"2934",89
"2935",150
"2936",129
"2937",125
"2938",93
"2939",220
"2940",160
"2941",99
"2942",210
"2943",200
"2944",100
"2945",385
"2946",143
"2947",120
"2948",451
"2949",195
"2950",180
"2951",100
"2952",80
"2953",70
"2954",248
"2955",296
"2956",140
"2957",181
"2958",100
"2959",350
"2960",80
"2961",165
"2962",120
"2963",120
"2964",100
"2965",399
"2966",150
"2967",90
"2968",30
"2969",100
"2970",49
"2971",70
"2972",75
"2973",34
"2974",74
"2975",185
"2976",50
"2977",130
"2978",65
"2979",251
"2980",90
"2981",35
"2982",50
"2983",59
"2984",79
"2985",85
"2986",300
"2987",75
"2988",195
"2989",59
"2990",55
"2991",88
"2992",52
"2993",75
"2994",96
"2995",99
"2996",100
"2997",125
"2998",90
"2999",90
"3000",71
"3001",113
"3002",125
"3003",100
"3004",90
"3005",100
"3006",90
"3007",111
"3008",90
"3009",115
"3010",70
"3011",95
"3012",115
"3013",75
"3014",140
"3015",140
"3016",72
"3017",110
"3018",85
"3019",185
"3020",35
"3021",120
"3022",226
"3023",80
"3024",100
"3025",60
"3026",80
"3027",110
"3028",150
"3029",111
"3030",125
"3031",120
"3032",115
"3033",159
"3034",120
"3035",350
"3036",111
"3037",80
"3038",120
"3039",100
"3040",251
"3041",200
"3042",150
"3043",70
"3044",129
"3045",171
"3046",74
"3047",99
"3048",90
"3049",40
"3050",90
"3051",149
"3052",222
"3053",68
"3054",65
"3055",136
"3056",75
"3057",115
"3058",220
"3059",181
"3060",65
"3061",97
"3062",124
"3063",99
"3064",65
"3065",85
"3066",90
"3067",105
"3068",80
"3069",169
"3070",99
"3071",120
"3072",65
"3073",75
"3074",95
"3075",150
"3076",89
"3077",69
"3078",100
"3079",150
"3080",95
"3081",125
"3082",200
"3083",85
"3084",111
"3085",99
"3086",250
"3087",99
"3088",106
"3089",171
"3090",70
"3091",159
"3092",80
"3093",100
"3094",94
"3095",85
"3096",90
"3097",150
"3098",90
"3099",85
"3100",93
"3101",124
"3102",140
"3103",59
"3104",251
"3105",111
"3106",111
"3107",60
"3108",129
"3109",276
"3110",34
"3111",226
"3112",85
"3113",90
"3114",95
"3115",80
"3116",384
"3117",56
"3118",99
"3119",140
"3120",166
"3121",90
"3122",125
"3123",60
"3124",523
"3125",75
"3126",125
"3127",74
"3128",69
"3129",100
"3130",120
"3131",181
"3132",95
"3133",68
"3134",120
"3135",90
"3136",139
"3137",175
"3138",171
"3139",95
"3140",150
"3141",65
"3142",88
"3143",150
"3144",99
"3145",120
"3146",90
"3147",75
"3148",74
"3149",136
"3150",90
"3151",115
"3152",60
"3153",100
"3154",45
"3155",80
"3156",300
"3157",95
"3158",100
"3159",105
"3160",539
"3161",120
"3162",100
"3163",69
"3164",115
"3165",150
"3166",120
"3167",149
"3168",75
"3169",111
"3170",130
"3171",136
"3172",97
"3173",40
"3174",85
"3175",219
"3176",150
"3177",84
"3178",129
"3179",70
"3180",80
"3181",90
"3182",111
"3183",130
"3184",200
"3185",191
"3186",181
"3187",139
"3188",111
"3189",75
"3190",99
"3191",60
"3192",150
"3193",146
"3194",100
"3195",111
"3196",120
"3197",90
"3198",160
"3199",220
"3200",40
"3201",100
"3202",50
"3203",75
"3204",89
"3205",195
"3206",94
"3207",120
"3208",99
"3209",111
"3210",117
"3211",200
"3212",105
"3213",100
"3214",226
"3215",100
"3216",52
"3217",65
"3218",89
"3219",168
"3220",37
"3221",105
"3222",111
"3223",64
"3224",100
"3225",105
"3226",150
"3227",100
"3228",175
"3229",300
"3230",95
"3231",55
"3232",50
"3233",150
"3234",50
"3235",73
"3236",125
"3237",79
"3238",290
"3239",85
"3240",120
"3241",125
"3242",99
"3243",65
"3244",136
"3245",80
"3246",50
"3247",150
"3248",125
"3249",149
"3250",75
"3251",95
"3252",100
"3253",111
"3254",200
"3255",130
"3256",55
"3257",200
"3258",99
"3259",58
"3260",99
"3261",85
"3262",175
"3263",80
"3264",114
"3265",121
"3266",50
"3267",1442
"3268",251
"3269",100
"3270",105
"3271",139
"3272",300
"3273",146
"3274",111
"3275",75
"3276",47
"3277",203
"3278",89
"3279",75
"3280",95
"3281",399
"3282",65
"3283",210
"3284",85
"3285",251
"3286",95
"3287",75
"3288",79
"3289",90
"3290",120
"3291",89
"3292",125
"3293",120
"3294",111
"3295",65
"3296",70
"3297",136
"3298",125
"3299",165
"3300",99
"3301",111
"3302",140
"3303",60
"3304",125
"3305",100
"3306",111
"3307",100
"3308",251
"3309",125
"3310",136
"3311",111
"3312",90
"3313",90
"3314",225
"3315",77
"3316",40
"3317",385
"3318",120
"3319",80
"3320",140
"3321",95
"3322",95
"3323",90
"3324",120
"3325",100
"3326",39
"3327",145
"3328",125
"3329",125
"3330",140
"3331",129
"3332",138
"3333",80
"3334",120
"3335",94
"3336",251
"3337",100
"3338",90
"3339",111
"3340",125
"3341",150
"3342",120
"3343",149
"3344",90
"3345",100
"3346",125
"3347",159
"3348",70
"3349",100
"3350",90
"3351",130
"3352",99
"3353",251
"3354",80
"3355",115
"3356",110
"3357",206
"3358",140
"3359",30
"3360",63
"3361",95
"3362",90
"3363",115
"3364",98
"3365",96
"3366",181
"3367",30
"3368",105
"3369",75
"3370",120
"3371",125
"3372",80
"3373",105
"3374",99
"3375",90
"3376",149
"3377",149
"3378",85
"3379",85
"3380",99
"3381",100
"3382",160
"3383",85
"3384",90
"3385",320
"3386",99
"3387",115
"3388",120
"3389",140
"3390",99
"3391",350
"3392",99
"3393",120
"3394",251
"3395",95
"3396",100
"3397",175
"3398",95
"3399",40
"3400",98
"3401",149
"3402",49
"3403",85
"3404",66
"3405",174
"3406",75
"3407",85
"3408",79
"3409",160
"3410",111
"3411",125
"3412",89
"3413",75
"3414",80
"3415",111
"3416",241
"3417",261
"3418",149
"3419",75
"3420",100
"3421",200
"3422",80
"3423",120
"3424",111
"3425",94
"3426",50
"3427",220
"3428",90
"3429",120
"3430",175
"3431",155
"3432",111
"3433",111
"3434",75
"3435",120
"3436",75
"3437",100
"3438",115
"3439",85
"3440",80
"3441",300
"3442",65
"3443",124
"3444",155
"3445",159
"3446",120
"3447",111
"3448",175
"3449",80
"3450",105
"3451",95
"3452",45
"3453",150
"3454",150
"3455",100
"3456",89
"3457",125
"3458",85
"3459",95
"3460",169
"3461",90
"3462",120
"3463",88
"3464",90
"3465",130
"3466",111
"3467",95
"3468",100
"3469",90
"3470",100
"3471",25
"3472",200
"3473",115
"3474",98
"3475",80
"3476",60
"3477",80
"3478",79
"3479",100
"3480",150
"3481",120
"3482",99
"3483",95
"3484",155
"3485",80
"3486",251
"3487",50
"3488",20
"3489",150
"3490",111
"3491",100
"3492",68
"3493",120
"3494",125
"3495",100
"3496",85
"3497",149
"3498",99
"3499",89
"3500",108
"3501",111
"3502",251
"3503",100
"3504",105
"3505",100
"3506",251
"3507",100
"3508",120
"3509",80
"3510",140
"3511",95
"3512",85
"3513",100
"3514",58
"3515",90
"3516",90
"3517",99
"3518",111
"3519",100
"3520",80
"3521",100
"3522",55
"3523",120
"3524",60
"3525",90
"3526",180
"3527",105
"3528",98
"3529",99
"3530",111
"3531",111
"3532",87
"3533",65
"3534",276
"3535",69
"3536",219
"3537",276
"3538",99
"3539",129
"3540",90
"3541",120
"3542",80
"3543",121
"3544",146
"3545",114
"3546",100
"3547",120
"3548",120
"3549",160
"3550",85
"3551",68
"3552",60
"3553",160
"3554",120
"3555",85
"3556",75
"3557",87
"3558",90
"3559",120
"3560",68
"3561",251
"3562",79
"3563",69
"3564",50
"3565",111
"3566",73
"3567",111
"3568",195
"3569",69
"3570",79
"3571",100
"3572",140
"3573",80
"3574",491
"3575",65
"3576",115
"3577",90
"3578",30
"3579",160
"3580",90
"3581",150
"3582",136
"3583",49
"3584",85
"3585",72
"3586",171
"3587",65
"3588",330
"3589",45
"3590",95
"3591",120
"3592",80
"3593",111
"3594",110
"3595",80
"3596",139
"3597",120
"3598",75
"3599",111
"3600",70
"3601",111
"3602",62
"3603",451
"3604",79
"3605",90
"3606",30
"3607",120
"3608",80
"3609",171
"3610",95
"3611",100
"3612",111
"3613",99
"3614",150
"3615",150
"3616",134
"3617",85
"3618",115
"3619",89
"3620",120
"3621",150
"3622",120
"3623",110
"3624",94
"3625",60
"3626",160
"3627",120
"3628",125
"3629",130
"3630",100
"3631",95
"3632",90
"3633",111
"3634",90
"3635",75
"3636",100
"3637",125
"3638",296
"3639",120
"3640",95
"3641",99
"3642",69
"3643",85
"3644",150
"3645",65
"3646",85
"3647",52
"3648",90
"3649",155
"3650",89
"3651",105
"3652",111
"3653",325
"3654",150
"3655",90
"3656",50
"3657",54
"3658",110
"3659",40
"3660",75
"3661",390
"3662",105
"3663",200
"3664",175
"3665",331
"3666",220
"3667",251
"3668",111
"3669",350
"3670",111
"3671",79
"3672",150
"3673",241
"3674",175
"3675",701
"3676",350
"3677",149
"3678",150
"3679",300
"3680",181
"3681",158
"3682",100
"3683",173
"3684",50
"3685",120
"3686",245
"3687",80
"3688",165
"3689",55
"3690",129
"3691",139
"3692",125
"3693",85
"3694",100
"3695",111
"3696",125
"3697",125
"3698",111
"3699",69
"3700",134
"3701",150
"3702",501
"3703",71
"3704",226
"3705",90
"3706",96
"3707",175
"3708",89
"3709",70
"3710",70
"3711",250
"3712",130
"3713",150
"3714",111
"3715",199
"3716",229
"3717",130
"3718",111
"3719",169
"3720",146
"3721",239
"3722",159
"3723",149
"3724",72
"3725",115
"3726",401
"3727",111
"3728",100
"3729",60
"3730",181
"3731",99
"3732",220
"3733",89
"3734",75
"3735",130
"3736",111
"3737",150
"3738",95
"3739",130
"3740",55
"3741",165
"3742",100
"3743",146
"3744",75
"3745",149
"3746",141
"3747",169
"3748",139
"3749",129
"3750",75
"3751",90
"3752",100
"3753",70
"3754",95
"3755",120
"3756",150
"3757",150
"3758",100
"3759",501
"3760",300
"3761",251
"3762",115
"3763",200
"3764",150
"3765",178
"3766",95
"3767",95
"3768",37
"3769",90
"3770",86
"3771",93
"3772",90
"3773",139
"3774",140
"3775",115
"3776",150
"3777",90
"3778",200
"3779",130
"3780",130
"3781",79
"3782",146
"3783",159
"3784",501
"3785",191
"3786",125
"3787",165
"3788",99
"3789",140
"3790",130
"3791",177
"3792",120
"3793",321
"3794",80
"3795",476
"3796",98
"3797",129
"3798",175
"3799",115
"3800",140
"3801",129
"3802",216
"3803",130
"3804",120
"3805",119
"3806",111
"3807",99
"3808",99
"3809",150
"3810",251
"3811",59
"3812",181
"3813",125
"3814",120
"3815",160
"3816",220
"3817",136
"3818",99
"3819",230
"3820",120
"3821",230
"3822",75
"3823",100
"3824",120
"3825",150
"3826",195
"3827",175
"3828",149
"3829",376
"3830",111
"3831",130
"3832",85
"3833",160
"3834",71
"3835",99
"3836",251
"3837",150
"3838",120
"3839",251
"3840",296
"3841",200
"3842",95
"3843",546
"3844",325
"3845",115
"3846",129
"3847",80
"3848",219
"3849",100
"3850",200
"3851",80
"3852",129
"3853",100
"3854",80
"3855",150
"3856",115
"3857",150
"3858",168
"3859",130
"3860",165
"3861",139
"3862",175
"3863",99
"3864",60
"3865",120
"3866",60
"3867",290
"3868",88
"3869",98
"3870",69
"3871",287
"3872",185
"3873",128
"3874",80
"3875",171
"3876",167
"3877",159
"3878",130
"3879",581
"3880",171
"3881",168
"3882",146
"3883",120
"3884",129
"3885",149
"3886",150
"3887",265
"3888",181
"3889",149
"3890",169
"3891",251
"3892",395
"3893",95
"3894",165
"3895",276
"3896",265
"3897",164
"3898",130
"3899",110
"3900",100
"3901",175
"3902",105
"3903",133
"3904",175
"3905",146
"3906",100
"3907",130
"3908",149
"3909",200
"3910",187
"3911",129
"3912",87
"3913",210
"3914",150
"3915",111
"3916",49
"3917",80
"3918",199
"3919",157
"3920",149
"3921",73
"3922",146
"3923",149
"3924",95
"3925",95
"3926",250
"3927",111
"3928",72
"3929",90
"3930",100
"3931",65
"3932",80
"3933",120
"3934",120
"3935",251
"3936",60
"3937",120
"3938",150
"3939",149
"3940",124
"3941",155
"3942",171
"3943",160
"3944",150
"3945",130
"3946",130
"3947",99
"3948",100
"3949",99
"3950",100
"3951",160
"3952",150
"3953",400
"3954",149
"3955",138
"3956",140
"3957",100
"3958",518
"3959",124
"3960",65
"3961",140
"3962",251
"3963",159
"3964",251
"3965",200
"3966",451
"3967",120
"3968",199
"3969",130
"3970",195
"3971",150
"3972",210
"3973",150
"3974",95
"3975",181
"3976",140
"3977",155
"3978",99
"3979",251
"3980",181
"3981",181
"3982",300
"3983",195
"3984",120
"3985",160
"3986",181
"3987",181
"3988",100
"3989",251
"3990",251
"3991",98
"3992",126
"3993",239
"3994",165
"3995",100
"3996",155
"3997",75
"3998",300
"3999",146
"4000",350
"4001",165
"4002",195
"4003",136
"4004",120
"4005",147
"4006",50
"4007",150
"4008",296
"4009",251
"4010",124
"4011",165
"4012",251
"4013",70
"4014",139
"4015",140
"4016",129
"4017",150
"4018",474
"4019",139
"4020",200
"4021",171
"4022",181
"4023",136
"4024",124
"4025",120
"4026",100
"4027",60
"4028",136
"4029",200
"4030",206
"4031",111
"4032",100
"4033",297
"4034",130
"4035",226
"4036",95
"4037",150
"4038",286
"4039",401
"4040",99
"4041",175
"4042",276
"4043",111
"4044",175
"4045",350
"4046",125
"4047",150
"4048",124
"4049",250
"4050",115
"4051",259
"4052",84
"4053",110
"4054",171
"4055",120
"4056",130
"4057",150
"4058",125
"4059",150
"4060",501
"4061",370
"4062",99
"4063",129
"4064",98
"4065",226
"4066",120
"4067",146
"4068",199
"4069",356
"4070",85
"4071",189
"4072",120
"4073",120
"4074",185
"4075",150
"4076",58
"4077",125
"4078",164
"4079",70
"4080",451
"4081",120
"4082",140
"4083",350
"4084",99
"4085",251
"4086",150
"4087",175
"4088",150
"4089",110
"4090",112
"4091",175
"4092",171
"4093",112
"4094",150
"4095",350
"4096",226
"4097",235
"4098",296
"4099",346
"4100",140
"4101",111
"4102",200
"4103",175
"4104",155
"4105",175
"4106",90
"4107",86
"4108",99
"4109",200
"4110",321
"4111",200
"4112",111
"4113",251
"4114",150
"4115",110
"4116",80
"4117",95
"4118",181
"4119",75
"4120",95
"4121",140
"4122",73
"4123",125
"4124",175
"4125",90
"4126",218
"4127",100
"4128",286
"4129",99
"4130",129
"4131",150
"4132",496
"4133",45
"4134",69
"4135",120
"4136",87
"4137",200
"4138",220
"4139",99
"4140",335
"4141",139
"4142",120
"4143",150
"4144",100
"4145",90
"4146",169
"4147",115
"4148",139
"4149",99
"4150",130
"4151",120
"4152",251
"4153",130
"4154",210
"4155",265
"4156",180
"4157",261
"4158",251
"4159",261
"4160",100
"4161",181
"4162",150
"4163",111
"4164",111
"4165",160
"4166",185
"4167",136
"4168",220
"4169",110
"4170",70
"4171",100
"4172",99
"4173",150
"4174",136
"4175",190
"4176",85
"4177",200
"4178",180
"4179",60
"4180",149
"4181",100
"4182",150
"4183",105
"4184",95
"4185",400
"4186",226
"4187",115
"4188",85
"4189",150
"4190",160
"4191",130
"4192",300
"4193",140
"4194",98
"4195",299
"4196",100
"4197",65
"4198",155
"4199",159
"4200",89
"4201",138
"4202",120
"4203",195
"4204",64
"4205",181
"4206",276
"4207",299
"4208",251
"4209",150
"4210",200
"4211",200
"4212",139
"4213",140
"4214",60
"4215",125
"4216",276
"4217",95
"4218",120
"4219",100
"4220",226
"4221",99
"4222",296
"4223",108
"4224",441
"4225",129
"4226",258
"4227",181
"4228",350
"4229",150
"4230",150
"4231",120
"4232",150
"4233",120
"4234",146
"4235",160
"4236",89
"4237",99
"4238",296
"4239",111
"4240",146
"4241",84
"4242",185
"4243",185
"4244",451
"4245",70
"4246",171
"4247",160
"4248",125
"4249",115
"4250",272
"4251",99
"4252",300
"4253",120
"4254",136
"4255",160
"4256",90
"4257",210
"4258",175
"4259",136
"4260",111
"4261",100
"4262",136
"4263",150
"4264",105
"4265",80
"4266",82
"4267",139
"4268",120
"4269",150
"4270",140
"4271",93
"4272",200
"4273",400
"4274",125
"4275",251
"4276",200
"4277",120
"4278",75
"4279",226
"4280",80
"4281",150
"4282",238
"4283",136
"4284",111
"4285",200
"4286",80
"4287",136
"4288",169
"4289",100
"4290",195
"4291",169
"4292",60
"4293",190
"4294",139
"4295",220
"4296",191
"4297",227
"4298",321
"4299",350
"4300",120
"4301",55
"4302",113
"4303",125
"4304",200
"4305",80
"4306",150
"4307",185
"4308",60
"4309",120
"4310",100
"4311",150
"4312",171
"4313",111
"4314",181
"4315",381
"4316",111
"4317",349
"4318",120
"4319",125
"4320",175
"4321",104
"4322",150
"4323",110
"4324",111
"4325",136
"4326",200
"4327",360
"4328",150
"4329",149
"4330",120
"4331",115
"4332",111
"4333",94
"4334",125
"4335",200
"4336",115
"4337",160
"4338",90
"4339",175
"4340",185
"4341",250
"4342",104
"4343",171
"4344",140
"4345",125
"4346",216
"4347",160
"4348",90
"4349",165
"4350",80
"4351",146
"4352",160
"4353",90
"4354",311
"4355",175
"4356",62
"4357",175
"4358",150
"4359",120
"4360",99
"4361",181
"4362",115
"4363",150
"4364",229
"4365",75
"4366",140
"4367",113
"4368",451
"4369",140
"4370",100
"4371",300
"4372",120
"4373",100
"4374",130
"4375",150
"4376",160
"4377",121
"4378",95
"4379",149
"4380",175
"4381",95
"4382",125
"4383",105
"4384",200
"4385",149
"4386",401
"4387",251
"4388",140
"4389",175
"4390",75
"4391",120
"4392",350
"4393",181
"4394",191
"4395",146
"4396",796
"4397",149
"4398",341
"4399",180
"4400",115
"4401",235
"4402",125
"4403",75
"4404",139
"4405",199
"4406",325
"4407",125
"4408",250
"4409",80
"4410",241
"4411",251
"4412",120
"4413",220
"4414",181
"4415",78
"4416",200
"4417",146
"4418",677
"4419",96
"4420",110
"4421",85
"4422",160
"4423",70
"4424",111
"4425",125
"4426",150
"4427",150
"4428",120
"4429",276
"4430",299
"4431",229
"4432",120
"4433",100
"4434",200
"4435",79
"4436",270
"4437",124
"4438",110
"4439",120
"4440",85
"4441",140
"4442",85
"4443",150
"4444",200
"4445",171
"4446",120
"4447",115
"4448",276
"4449",180
"4450",70
"4451",49
"4452",125
"4453",120
"4454",130
"4455",129
"4456",195
"4457",219
"4458",175
"4459",160
"4460",180
"4461",296
"4462",200
"4463",139
"4464",97
"4465",90
"4466",89
"4467",125
"4468",230
"4469",130
"4470",300
"4471",110
"4472",88
"4473",216
"4474",260
"4475",125
"4476",160
"4477",99
"4478",70
"4479",220
"4480",100
"4481",115
"4482",115
"4483",85
"4484",180
"4485",111
"4486",169
"4487",563
"4488",87
"4489",700
"4490",200
"4491",140
"4492",129
"4493",148
"4494",125
"4495",120
"4496",150
"4497",200
"4498",200
"4499",486
"4500",195
"4501",99
"4502",251
"4503",300
"4504",146
"4505",200
"4506",100
"4507",84
"4508",120
"4509",185
"4510",150
"4511",200
"4512",85
"4513",175
"4514",175
"4515",100
"4516",75
"4517",200
"4518",216
"4519",171
"4520",146
"4521",296
"4522",125
"4523",111
"4524",130
"4525",97
"4526",120
"4527",115
"4528",150
"4529",130
"4530",89
"4531",55
"4532",120
"4533",150
"4534",150
"4535",111
"4536",99
"4537",140
"4538",169
"4539",40
"4540",90
"4541",250
"4542",107
"4543",248
"4544",85
"4545",55
"4546",41
"4547",200
"4548",95
"4549",200
"4550",120
"4551",150
"4552",89
"4553",120
"4554",150
"4555",195
"4556",111
"4557",140
"4558",175
"4559",251
"4560",111
"4561",189
"4562",125
"4563",200
"4564",299
"4565",120
"4566",129
"4567",251
"4568",150
"4569",115
"4570",55
"4571",150
"4572",100
"4573",130
"4574",95
"4575",130
"4576",125
"4577",85
"4578",130
"4579",114
"4580",325
"4581",239
"4582",105
"4583",150
"4584",220
"4585",130
"4586",195
"4587",100
"4588",125
"4589",120
"4590",89
"4591",199
"4592",111
"4593",95
"4594",199
"4595",190
"4596",99
"4597",251
"4598",130
"4599",140
"4600",401
"4601",139
"4602",115
"4603",245
"4604",261
"4605",100
"4606",89
"4607",175
"4608",85
"4609",185
"4610",49
"4611",87
"4612",111
"4613",175
"4614",251
"4615",155
"4616",111
"4617",100
"4618",270
"4619",100
"4620",111
"4621",120
"4622",185
"4623",140
"4624",100
"4625",84
"4626",90
"4627",120
"4628",251
"4629",195
"4630",385
"4631",136
"4632",125
"4633",150
"4634",150
"4635",140
"4636",200
"4637",136
"4638",235
"4639",195
"4640",241
"4641",120
"4642",115
"4643",111
"4644",150
"4645",180
"4646",200
"4647",90
"4648",140
"4649",70
"4650",136
"4651",140
"4652",150
"4653",130
"4654",125
"4655",99
"4656",241
"4657",90
"4658",251
"4659",150
"4660",80
"4661",146
"4662",120
"4663",199
"4664",34
"4665",99
"4666",200
"4667",200
"4668",125
"4669",80
"4670",426
"4671",99
"4672",200
"4673",200
"4674",120
"4675",496
"4676",350
"4677",195
"4678",105
"4679",136
"4680",200
"4681",120
"4682",401
"4683",160
"4684",70
"4685",104
"4686",200
"4687",108
"4688",120
"4689",111
"4690",140
"4691",171
"4692",251
"4693",195
"4694",125
"4695",95
"4696",120
"4697",216
"4698",218
"4699",114
"4700",80
"4701",175
"4702",115
"4703",77
"4704",125
"4705",175
"4706",105
"4707",226
"4708",200
"4709",120
"4710",128
"4711",115
"4712",100
"4713",168
"4714",80
"4715",140
"4716",129
"4717",125
"4718",150
"4719",65
"4720",165
"4721",140
"4722",216
"4723",181
"4724",150
"4725",100
"4726",95
"4727",169
"4728",150
"4729",155
"4730",115
"4731",296
"4732",105
"4733",200
"4734",98
"4735",140
"4736",200
"4737",111
"4738",160
"4739",100
"4740",159
"4741",181
"4742",70
"4743",111
"4744",140
"4745",139
"4746",160
"4747",99
"4748",70
"4749",100
"4750",100
"4751",95
"4752",90
"4753",128
"4754",60
"4755",200
"4756",154
"4757",69
"4758",150
"4759",501
"4760",171
"4761",167
"4762",120
"4763",79
"4764",100
"4765",150
"4766",131
"4767",158
"4768",210
"4769",150
"4770",200
"4771",169
"4772",138
"4773",85
"4774",75
"4775",199
"4776",200
"4777",70
"4778",111
"4779",49
"4780",451
"4781",140
"4782",61
"4783",100
"4784",269
"4785",120
"4786",320
"4787",171
"4788",107
"4789",129
"4790",146
"4791",90
"4792",95
"4793",241
"4794",120
"4795",100
"4796",125
"4797",90
"4798",146
"4799",501
"4800",185
"4801",80
"4802",120
"4803",168
"4804",160
"4805",137
"4806",100
"4807",175
"4808",451
"4809",160
"4810",146
"4811",120
"4812",221
"4813",195
"4814",125
"4815",75
"4816",100
"4817",276
"4818",85
"4819",105
"4820",95
"4821",80
"4822",125
"4823",120
"4824",85
"4825",97
"4826",120
"4827",226
"4828",150
"4829",241
"4830",200
"4831",296
"4832",191
"4833",299
"4834",95
"4835",100
"4836",119
"4837",150
"4838",146
"4839",140
"4840",279
"4841",146
"4842",90
"4843",115
"4844",140
"4845",149
"4846",169
"4847",45
"4848",150
"4849",120
"4850",125
"4851",100
"4852",251
"4853",165
"4854",86
"4855",159
"4856",90
"4857",70
"4858",339
"4859",90
"4860",90
"4861",140
"4862",79
"4863",129
"4864",300
"4865",114
"4866",160
"4867",95
"4868",85
"4869",169
"4870",216
"4871",157
"4872",150
"4873",136
"4874",75
"4875",75
"4876",125
"4877",136
"4878",129
"4879",99
"4880",550
"4881",39
"4882",104
"4883",210
"4884",125
"4885",95
"4886",251
"4887",299
"4888",300
"4889",551
"4890",69
"4891",100
"4892",175
"4893",150
"4894",226
"4895",100
"4896",72
"4897",160
"4898",99
"4899",220
"4900",169
"4901",376
"4902",117
"4903",160
"4904",122
"4905",142
"4906",70
"4907",143
"4908",89
"4909",120
"4910",160
"4911",146
"4912",226
"4913",75
"4914",125
"4915",100
"4916",90
"4917",120
"4918",113
"4919",120
"4920",125
"4921",95
"4922",401
"4923",251
"4924",115
"4925",113
"4926",150
"4927",195
"4928",95
"4929",251
"4930",75
"4931",181
"4932",150
"4933",120
"4934",120
"4935",75
"4936",300
"4937",199
"4938",49
"4939",100
"4940",60
"4941",120
"4942",230
"4943",139
"4944",70
"4945",85
"4946",175
"4947",98
"4948",120
"4949",150
"4950",296
"4951",68
"4952",99
"4953",220
"4954",518
"4955",195
"4956",125
"4957",171
"4958",150
"4959",241
"4960",181
"4961",136
"4962",195
"4963",88
"4964",180
"4965",200
"4966",149
"4967",185
"4968",125
"4969",140
"4970",100
"4971",136
"4972",150
"4973",146
"4974",136
"4975",155
"4976",59
"4977",150
"4978",139
"4979",115
"4980",210
"4981",122
"4982",149
"4983",80
"4984",149
"4985",288
"4986",276
"4987",350
"4988",241
"4989",125
"4990",150
"4991",200
"4992",276
"4993",85
"4994",199
"4995",155
"4996",200
"4997",241
"4998",100
"4999",136
"5000",111
"5001",94
"5002",245
"5003",149
"5004",130
"5005",95
"5006",69
"5007",100
"5008",85
"5009",111
"5010",146
"5011",181
"5012",125
"5013",75
"5014",70
"5015",60
"5016",95
"5017",80
"5018",90
"5019",125
"5020",140
"5021",105
"5022",89
"5023",125
"5024",94
"5025",134
"5026",70
"5027",50
"5028",75
"5029",111
"5030",95
"5031",70
"5032",99
"5033",89
"5034",41
"5035",169
"5036",100
"5037",88
"5038",65
"5039",84
"5040",69
"5041",175
"5042",75
"5043",79
"5044",79
"5045",235
"5046",120
"5047",38
"5048",70
"5049",200
"5050",111
"5051",105
"5052",125
"5053",199
"5054",150
"5055",70
"5056",150
"5057",115
"5058",100
"5059",89
"5060",85
"5061",88
"5062",100
"5063",80
"5064",125
"5065",100
"5066",95
"5067",120
"5068",130
"5069",95
"5070",120
"5071",129
"5072",130
"5073",100
"5074",95
"5075",160
"5076",130
"5077",70
"5078",175
"5079",111
"5080",120
"5081",111
"5082",120
"5083",175
"5084",80
"5085",105
"5086",195
"5087",171
"5088",99
"5089",125
"5090",85
"5091",111
"5092",200
"5093",60
"5094",111
"5095",80
"5096",175
"5097",149
"5098",129
"5099",150
"5100",75
"5101",68
"5102",80
"5103",85
"5104",120
"5105",120
"5106",470
"5107",80
"5108",80
"5109",70
"5110",74
"5111",501
"5112",197
"5113",150
"5114",125
"5115",181
"5116",149
"5117",175
"5118",149
"5119",111
"5120",100
"5121",120
"5122",251
"5123",140
"5124",89
"5125",120
"5126",75
"5127",79
"5128",125
"5129",120
"5130",111
"5131",120
"5132",50
"5133",111
"5134",120
"5135",85
"5136",100
"5137",90
"5138",100
"5139",149
"5140",136
"5141",120
"5142",148
"5143",130
"5144",150
"5145",171
"5146",89
"5147",89
"5148",421
"5149",85
"5150",220
"5151",62
"5152",120
"5153",145
"5154",175
"5155",150
"5156",175
"5157",200
"5158",95
"5159",125
"5160",185
"5161",99
"5162",150
"5163",110
"5164",99
"5165",180
"5166",85
"5167",130
"5168",350
"5169",129
"5170",130
"5171",100
"5172",55
"5173",125
"5174",95
"5175",85
"5176",95
"5177",100
"5178",120
"5179",181
"5180",40
"5181",100
"5182",111
"5183",111
"5184",129
"5185",89
"5186",68
"5187",99
"5188",100
"5189",111
"5190",120
"5191",100
"5192",90
"5193",149
"5194",136
"5195",70
"5196",125
"5197",150
"5198",95
"5199",120
"5200",136
"5201",120
"5202",115
"5203",165
"5204",40
"5205",95
"5206",80
"5207",99
"5208",100
"5209",200
"5210",99
"5211",120
"5212",200
"5213",136
"5214",150
"5215",125
"5216",100
"5217",100
"5218",70
"5219",175
"5220",199
"5221",75
"5222",90
"5223",95
"5224",100
"5225",95
"5226",110
"5227",160
"5228",140
"5229",100
"5230",159
"5231",171
"5232",97
"5233",99
"5234",49
"5235",58
"5236",120
"5237",251
"5238",125
"5239",90
"5240",130
"5241",120
"5242",155
"5243",80
"5244",115
"5245",55
"5246",105
"5247",125
"5248",85
"5249",89
"5250",120
"5251",250
"5252",150
"5253",52
"5254",100
"5255",90
"5256",120
"5257",80
"5258",115
"5259",110
"5260",80
"5261",65
"5262",54
"5263",279
"5264",100
"5265",150
"5266",100
"5267",100
"5268",120
"5269",150
"5270",95
"5271",90
"5272",85
"5273",104
"5274",100
"5275",65
"5276",169
"5277",111
"5278",81
"5279",129
"5280",190
"5281",105
"5282",97
"5283",124
"5284",105
"5285",65
"5286",130
"5287",100
"5288",89
"5289",140
"5290",98
"5291",160
"5292",200
"5293",70
"5294",110
"5295",50
"5296",90
"5297",100
"5298",80
"5299",140
"5300",90
"5301",160
"5302",175
"5303",129
"5304",200
"5305",64
"5306",385
"5307",80
"5308",169
"5309",90
"5310",105
"5311",220
"5312",111
"5313",70
"5314",120
"5315",120
"5316",111
"5317",100
"5318",89
"5319",150
"5320",80
"5321",199
"5322",150
"5323",73
"5324",95
"5325",75
"5326",195
"5327",200
"5328",149
"5329",120
"5330",150
"5331",129
"5332",110
"5333",150
"5334",130
"5335",95
"5336",100
"5337",200
"5338",241
"5339",60
"5340",60
"5341",80
"5342",95
"5343",72
"5344",95
"5345",95
"5346",100
"5347",125
"5348",125
"5349",165
"5350",100
"5351",150
"5352",111
"5353",52
"5354",111
"5355",120
"5356",100
"5357",149
"5358",115
"5359",125
"5360",98
"5361",90
"5362",95
"5363",140
"5364",148
"5365",80
"5366",75
"5367",140
"5368",125
"5369",87
"5370",120
"5371",120
"5372",68
"5373",79
"5374",100
"5375",125
"5376",80
"5377",100
"5378",125
"5379",149
"5380",88
"5381",130
"5382",120
"5383",159
"5384",105
"5385",89
"5386",111
"5387",129
"5388",80
"5389",111
"5390",200
"5391",120
"5392",125
"5393",100
"5394",108
"5395",90
"5396",125
"5397",79
"5398",111
"5399",105
"5400",120
"5401",85
"5402",84
"5403",69
"5404",175
"5405",114
"5406",120
"5407",130
"5408",70
"5409",70
"5410",120
"5411",120
"5412",160
"5413",59
"5414",79
"5415",75
"5416",89
"5417",120
"5418",99
"5419",100
"5420",90
"5421",85
"5422",99
"5423",75
"5424",105
"5425",60
"5426",125
"5427",69
"5428",181
"5429",120
"5430",125
"5431",70
"5432",102
"5433",134
"5434",79
"5435",150
"5436",120
"5437",111
"5438",130
"5439",120
"5440",75
"5441",89
"5442",90
"5443",160
"5444",95
"5445",199
"5446",111
"5447",55
"5448",99
"5449",110
"5450",100
"5451",105
"5452",146
"5453",90
"5454",115
"5455",85
"5456",40
"5457",95
"5458",115
"5459",150
"5460",85
"5461",251
"5462",100
"5463",100
"5464",90
"5465",180
"5466",120
"5467",111
"5468",89
"5469",80
"5470",181
"5471",75
"5472",175
"5473",100
"5474",140
"5475",299
"5476",175
"5477",64
"5478",150
"5479",159
"5480",120
"5481",200
"5482",100
"5483",150
"5484",175
"5485",90
"5486",300
"5487",50
"5488",149
"5489",84
"5490",125
"5491",60
"5492",100
"5493",139
"5494",111
"5495",130
"5496",129
"5497",350
"5498",100
"5499",85
"5500",140
"5501",229
"5502",99
"5503",200
"5504",90
"5505",62
"5506",129
"5507",120
"5508",84
"5509",95
"5510",66
"5511",125
"5512",125
"5513",70
"5514",111
"5515",79
"5516",99
"5517",80
"5518",100
"5519",85
"5520",59
"5521",100
"5522",90
"5523",110
"5524",85
"5525",90
"5526",65
"5527",136
"5528",175
"5529",100
"5530",90
"5531",130
"5532",35
"5533",89
"5534",125
"5535",50
"5536",130
"5537",220
"5538",120
"5539",95
"5540",209
"5541",150
"5542",100
"5543",226
"5544",75
"5545",446
"5546",165
"5547",110
"5548",85
"5549",95
"5550",200
"5551",40
"5552",125
"5553",110
"5554",80
"5555",89
"5556",105
"5557",60
"5558",96
"5559",276
"5560",199
"5561",125
"5562",100
"5563",79
"5564",80
"5565",100
"5566",150
"5567",128
"5568",53
"5569",110
"5570",100
"5571",90
"5572",100
"5573",251
"5574",69
"5575",125
"5576",150
"5577",74
"5578",90
"5579",105
"5580",79
"5581",90
"5582",150
"5583",111
"5584",60
"5585",45
"5586",120
"5587",50
"5588",95
"5589",195
"5590",90
"5591",150
"5592",150
"5593",89
"5594",90
"5595",79
"5596",35
"5597",139
"5598",90
"5599",120
"5600",150
"5601",45
"5602",90
"5603",105
"5604",150
"5605",65
"5606",111
"5607",104
"5608",150
"5609",120
"5610",149
"5611",100
"5612",150
"5613",130
"5614",80
"5615",111
"5616",165
"5617",115
"5618",181
"5619",200
"5620",125
"5621",325
"5622",90
"5623",100
"5624",111
"5625",276
"5626",129
"5627",73
"5628",149
"5629",77
"5630",38
"5631",100
"5632",200
"5633",70
"5634",90
"5635",99
"5636",80
"5637",80
"5638",69
"5639",190
"5640",75
"5641",75
"5642",90
"5643",95
"5644",95
"5645",120
"5646",105
"5647",99
"5648",175
"5649",120
"5650",80
"5651",129
"5652",200
"5653",251
"5654",120
"5655",100
"5656",100
"5657",175
"5658",58
"5659",129
"5660",70
"5661",90
"5662",220
"5663",95
"5664",40
"5665",290
"5666",122
"5667",89
"5668",175
"5669",95
"5670",200
"5671",104
"5672",155
"5673",130
"5674",134
"5675",95
"5676",69
"5677",299
"5678",97
"5679",100
"5680",80
"5681",110
"5682",149
"5683",90
"5684",155
"5685",125
"5686",80
"5687",100
"5688",111
"5689",113
"5690",60
"5691",230
"5692",428
"5693",120
"5694",86
"5695",60
"5696",200
"5697",69
"5698",79
"5699",155
"5700",129
"5701",99
"5702",139
"5703",125
"5704",80
"5705",65
"5706",80
"5707",130
"5708",136
"5709",111
"5710",89
"5711",120
"5712",97
"5713",129
"5714",80
"5715",75
"5716",159
"5717",120
"5718",120
"5719",335
"5720",84
"5721",200
"5722",150
"5723",90
"5724",146
"5725",177
"5726",99
"5727",150
"5728",89
"5729",100
"5730",60
"5731",100
"5732",190
"5733",75
"5734",125
"5735",54
"5736",120
"5737",75
"5738",111
"5739",139
"5740",95
"5741",125
"5742",85
"5743",80
"5744",146
"5745",150
"5746",125
"5747",99
"5748",200
"5749",175
"5750",146
"5751",124
"5752",65
"5753",84
"5754",136
"5755",150
"5756",90
"5757",89
"5758",96
"5759",78
"5760",85
"5761",111
"5762",140
"5763",125
"5764",150
"5765",250
"5766",59
"5767",99
"5768",139
"5769",99
"5770",90
"5771",85
"5772",100
"5773",100
"5774",159
"5775",85
"5776",175
"5777",251
"5778",213
"5779",175
"5780",677
"5781",140
"5782",150
"5783",80
"5784",139
"5785",74
"5786",136
"5787",182
"5788",80
"5789",80
"5790",125
"5791",149
"5792",190
"5793",185
"5794",185
"5795",140
"5796",90
"5797",120
"5798",120
"5799",45
"5800",150
"5801",49
"5802",140
"5803",95
"5804",100
"5805",251
"5806",129
"5807",65
"5808",130
"5809",55
"5810",89
"5811",80
"5812",85
"5813",70
"5814",50
"5815",49
"5816",130
"5817",140
"5818",130
"5819",35
"5820",95
"5821",146
"5822",120
"5823",76
"5824",78
"5825",79
"5826",95
"5827",160
"5828",501
"5829",99
"5830",140
"5831",155
"5832",90
"5833",94
"5834",219
"5835",120
"5836",120
"5837",71
"5838",137
"5839",49
"5840",84
"5841",149
"5842",100
"5843",150
"5844",130
"5845",88
"5846",85
"5847",80
"5848",125
"5849",95
"5850",175
"5851",100
"5852",99
"5853",160
"5854",139
"5855",75
"5856",175
"5857",120
"5858",70
"5859",111
"5860",60
"5861",50
"5862",129
"5863",130
"5864",100
"5865",95
"5866",125
"5867",120
"5868",200
"5869",65
"5870",165
"5871",80
"5872",220
"5873",122
"5874",130
"5875",210
"5876",100
"5877",55
"5878",175
"5879",125
"5880",97
"5881",75
"5882",150
"5883",149
"5884",185
"5885",49
"5886",70
"5887",125
"5888",200
"5889",95
"5890",299
"5891",251
"5892",111
"5893",120
"5894",97
"5895",300
"5896",120
"5897",120
"5898",111
"5899",200
"5900",130
"5901",175
"5902",140
"5903",136
"5904",45
"5905",55
"5906",95
"5907",50
"5908",276
"5909",149
"5910",169
"5911",160
"5912",90
"5913",95
"5914",129
"5915",85
"5916",105
"5917",55
"5918",108
"5919",45
"5920",125
"5921",98
"5922",181
"5923",125
"5924",125
"5925",55
"5926",75
"5927",60
"5928",140
"5929",99
"5930",200
"5931",199
"5932",85
"5933",85
"5934",79
"5935",226
"5936",53
"5937",130
"5938",120
"5939",120
"5940",97
"5941",198
"5942",71
"5943",56
"5944",98
"5945",200
"5946",191
"5947",110
"5948",199
"5949",100
"5950",60
"5951",105
"5952",80
"5953",195
"5954",90
"5955",115
"5956",226
"5957",94
"5958",79
"5959",120
"5960",115
"5961",130
"5962",105
"5963",99
"5964",125
"5965",110
"5966",169
"5967",60
"5968",125
"5969",129
"5970",146
"5971",80
"5972",129
"5973",80
"5974",175
"5975",150
"5976",150
"5977",49
"5978",75
"5979",80
"5980",60
"5981",60
"5982",95
"5983",84
"5984",50
"5985",99
"5986",150
"5987",401
"5988",89
"5989",276
"5990",80
"5991",175
"5992",120
"5993",75
"5994",89
"5995",111
"5996",79
"5997",100
"5998",139
"5999",100
"6000",59
"6001",802
"6002",88
"6003",76
"6004",95
"6005",150
"6006",60
"6007",150
"6008",70
"6009",150
"6010",149
"6011",45
"6012",139
"6013",35
"6014",85
"6015",159
"6016",128
"6017",175
"6018",35
"6019",74
"6020",75
"6021",90
"6022",50
"6023",120
"6024",181
"6025",100
"6026",90
"6027",89
"6028",129
"6029",69
"6030",111
"6031",125
"6032",226
"6033",76
"6034",100
"6035",130
"6036",79
"6037",79
"6038",85
"6039",95
"6040",150
"6041",55
"6042",99
"6043",210
"6044",65
"6045",200
"6046",111
"6047",159
"6048",59
"6049",175
"6050",150
"6051",90
"6052",210
"6053",350
"6054",85
"6055",226
"6056",90
"6057",85
"6058",150
"6059",296
"6060",79
"6061",50
"6062",150
"6063",150
"6064",120
"6065",241
"6066",171
"6067",128
"6068",111
"6069",85
"6070",99
"6071",129
"6072",40
"6073",79
"6074",149
"6075",70
"6076",79
"6077",100
"6078",80
"6079",130
"6080",125
"6081",171
"6082",169
"6083",62
"6084",60
"6085",80
"6086",20
"6087",50
"6088",65
"6089",401
"6090",100
"6091",160
"6092",85
"6093",90
"6094",79
"6095",120
"6096",78
"6097",100
"6098",80
"6099",111
"6100",99
"6101",90
"6102",120
"6103",50
"6104",150
"6105",79
"6106",200
"6107",75
"6108",251
"6109",95
"6110",129
"6111",59
"6112",40
"6113",100
"6114",140
"6115",79
"6116",85
"6117",99
"6118",99
"6119",75
"6120",79
"6121",74
"6122",276
"6123",150
"6124",49
"6125",251
"6126",120
"6127",150
"6128",65
"6129",100
"6130",65
"6131",150
"6132",220
"6133",85
"6134",120
"6135",79
"6136",50
"6137",136
"6138",241
"6139",76
"6140",119
"6141",111
"6142",260
"6143",200
"6144",115
"6145",200
"6146",146
"6147",160
"6148",70
"6149",90
"6150",146
"6151",69
"6152",66
"6153",200
"6154",140
"6155",50
"6156",300
"6157",200
"6158",99
"6159",200
"6160",90
"6161",80
"6162",30
"6163",70
"6164",90
"6165",55
"6166",69
"6167",131
"6168",65
"6169",45
"6170",90
"6171",65
"6172",49
"6173",40
"6174",120
"6175",90
"6176",142
"6177",81
"6178",60
"6179",171
"6180",80
"6181",85
"6182",60
"6183",59
"6184",130
"6185",130
"6186",120
"6187",40
"6188",90
"6189",30
"6190",59
"6191",50
"6192",100
"6193",50
"6194",60
"6195",175
"6196",34
"6197",100
"6198",55
"6199",49
"6200",50
"6201",80
"6202",60
"6203",75
"6204",54
"6205",67
"6206",38
"6207",35
"6208",321
"6209",65
"6210",60
"6211",39
"6212",63
"6213",60
"6214",102
"6215",75
"6216",65
"6217",60
"6218",85
"6219",40
"6220",80
"6221",200
"6222",75
"6223",45
"6224",89
"6225",95
"6226",99
"6227",110
"6228",148
"6229",299
"6230",79
"6231",120
"6232",150
"6233",98
"6234",111
"6235",129
"6236",125
"6237",75
"6238",59
"6239",150
"6240",125
"6241",95
"6242",140
"6243",85
"6244",150
"6245",100
"6246",62
"6247",65
"6248",75
"6249",74
"6250",90
"6251",94
"6252",89
"6253",120
"6254",95
"6255",79
"6256",100
"6257",85
"6258",60
"6259",85
"6260",79
"6261",160
"6262",89
"6263",75
"6264",75
"6265",146
"6266",54
"6267",65
"6268",49
"6269",95
"6270",74
"6271",130
"6272",75
"6273",45
"6274",75
"6275",59
"6276",150
"6277",90
"6278",60
"6279",110
"6280",125
"6281",120
"6282",89
"6283",100
"6284",95
"6285",130
"6286",95
"6287",146
"6288",99
"6289",95
"6290",661
"6291",65
"6292",91
"6293",159
"6294",651
"6295",95
"6296",95
"6297",91
"6298",226
"6299",175
"6300",125
"6301",45
"6302",111
"6303",125
"6304",181
"6305",95
"6306",67
"6307",50
"6308",111
"6309",195
"6310",72
"6311",49
"6312",100
"6313",149
"6314",136
"6315",226
"6316",100
"6317",120
"6318",90
"6319",100
"6320",79
"6321",115
"6322",149
"6323",90
"6324",150
"6325",165
"6326",125
"6327",79
"6328",100
"6329",111
"6330",100
"6331",120
"6332",99
"6333",115
"6334",125
"6335",115
"6336",99
"6337",140
"6338",130
"6339",111
"6340",100
"6341",111
"6342",120
"6343",69
"6344",93
"6345",110
"6346",120
"6347",191
"6348",145
"6349",93
"6350",125
"6351",111
"6352",70
"6353",105
"6354",129
"6355",90
"6356",130
"6357",60
"6358",85
"6359",100
"6360",99
"6361",146
"6362",70
"6363",105
"6364",60
"6365",111
"6366",100
"6367",120
"6368",90
"6369",120
"6370",99
"6371",100
"6372",150
"6373",100
"6374",100
"6375",75
"6376",120
"6377",251
"6378",136
"6379",95
"6380",99
"6381",131
"6382",149
"6383",125
"6384",139
"6385",129
"6386",350
"6387",99
"6388",100
"6389",59
"6390",220
"6391",80
"6392",79
"6393",69
"6394",85
"6395",65
"6396",130
"6397",107
"6398",171
"6399",71
"6400",90
"6401",75
"6402",125
"6403",130
"6404",146
"6405",155
"6406",200
"6407",250
"6408",150
"6409",130
"6410",150
"6411",80
"6412",100
"6413",93
"6414",129
"6415",149
"6416",110
"6417",140
"6418",136
"6419",89
"6420",150
"6421",75
"6422",125
"6423",79
"6424",70
"6425",65
"6426",90
"6427",150
"6428",120
"6429",146
"6430",123
"6431",80
"6432",99
"6433",120
"6434",85
"6435",50
"6436",148
"6437",150
"6438",89
"6439",360
"6440",120
"6441",72
"6442",70
"6443",75
"6444",80
"6445",84
"6446",181
"6447",100
"6448",100
"6449",90
"6450",125
"6451",132
"6452",89
"6453",139
"6454",100
"6455",125
"6456",79
"6457",99
"6458",159
"6459",100
"6460",95
"6461",95
"6462",100
"6463",95
"6464",89
"6465",140
"6466",120
"6467",75
"6468",136
"6469",140
"6470",111
"6471",120
"6472",150
"6473",120
"6474",90
"6475",100
"6476",150
"6477",50
"6478",99
"6479",85
"6480",105
"6481",79
"6482",84
"6483",75
"6484",90
"6485",150
"6486",120
"6487",91
"6488",501
"6489",150
"6490",130
"6491",100
"6492",95
"6493",251
"6494",97
"6495",136
"6496",80
"6497",200
"6498",60
"6499",89
"6500",89
"6501",100
"6502",140
"6503",120
"6504",75
"6505",99
"6506",200
"6507",251
"6508",200
"6509",169
"6510",98
"6511",150
"6512",95
"6513",99
"6514",130
"6515",100
"6516",80
"6517",70
"6518",95
"6519",150
"6520",160
"6521",130
"6522",130
"6523",125
"6524",120
"6525",210
"6526",125
"6527",226
"6528",111
"6529",191
"6530",115
"6531",120
"6532",125
"6533",125
"6534",125
"6535",376
"6536",40
"6537",90
"6538",55
"6539",89
"6540",129
"6541",150
"6542",105
"6543",125
"6544",98
"6545",111
"6546",55
"6547",77
"6548",79
"6549",120
"6550",96
"6551",199
"6552",149
"6553",78
"6554",90
"6555",111
"6556",129
"6557",120
"6558",89
"6559",150
"6560",139
"6561",100
"6562",125
"6563",100
"6564",85
"6565",120
"6566",80
"6567",120
"6568",185
"6569",90
"6570",111
"6571",195
"6572",95
"6573",139
"6574",59
"6575",129
"6576",238
"6577",89
"6578",150
"6579",76
"6580",99
"6581",251
"6582",135
"6583",199
"6584",75
"6585",70
"6586",65
"6587",50
"6588",120
"6589",90
"6590",100
"6591",137
"6592",140
"6593",90
"6594",100
"6595",60
"6596",129
"6597",95
"6598",130
"6599",125
"6600",99
"6601",115
"6602",55
"6603",95
"6604",129
"6605",97
"6606",111
"6607",74
"6608",110
"6609",220
"6610",120
"6611",100
"6612",111
"6613",102
"6614",100
"6615",115
"6616",99
"6617",134
"6618",130
"6619",79
"6620",191
"6621",47
"6622",180
"6623",151
"6624",175
"6625",54
"6626",165
"6627",125
"6628",65
"6629",91
"6630",111
"6631",58
"6632",89
"6633",90
"6634",129
"6635",115
"6636",120
"6637",100
"6638",111
"6639",85
"6640",97
"6641",75
"6642",199
"6643",90
"6644",137
"6645",195
"6646",85
"6647",169
"6648",115
"6649",79
"6650",200
"6651",181
"6652",80
"6653",89
"6654",140
"6655",99
"6656",150
"6657",120
"6658",125
"6659",146
"6660",85
"6661",149
"6662",149
"6663",100
"6664",160
"6665",95
"6666",169
"6667",200
"6668",270
"6669",130
"6670",120
"6671",98
"6672",95
"6673",111
"6674",107
"6675",80
"6676",85
"6677",115
"6678",120
"6679",90
"6680",130
"6681",175
"6682",150
"6683",100
"6684",130
"6685",120
"6686",85
"6687",59
"6688",130
"6689",50
"6690",166
"6691",139
"6692",136
"6693",120
"6694",296
"6695",139
"6696",120
"6697",95
"6698",81
"6699",68
"6700",100
"6701",276
"6702",70
"6703",90
"6704",78
"6705",60
"6706",105
"6707",191
"6708",99
"6709",90
"6710",70
"6711",79
"6712",64
"6713",140
"6714",111
"6715",241
"6716",99
"6717",140
"6718",90
"6719",195
"6720",150
"6721",93
"6722",125
"6723",111
"6724",136
"6725",401
"6726",100
"6727",181
"6728",401
"6729",99
"6730",159
"6731",111
"6732",85
"6733",85
"6734",59
"6735",125
"6736",140
"6737",139
"6738",251
"6739",150
"6740",120
"6741",79
"6742",98
"6743",95
"6744",175
"6745",105
"6746",165
"6747",120
"6748",150
"6749",149
"6750",105
"6751",546
"6752",98
"6753",136
"6754",95
"6755",79
"6756",75
"6757",149
"6758",85
"6759",125
"6760",120
"6761",251
"6762",111
"6763",100
"6764",75
"6765",105
"6766",70
"6767",175
"6768",105
"6769",181
"6770",140
"6771",146
"6772",180
"6773",75
"6774",99
"6775",100
"6776",111
"6777",95
"6778",120
"6779",74
"6780",155
"6781",90
"6782",111
"6783",78
"6784",65
"6785",80
"6786",401
"6787",150
"6788",200
"6789",641
"6790",98
"6791",400
"6792",89
"6793",120
"6794",111
"6795",90
"6796",276
"6797",115
"6798",219
"6799",89
"6800",80
"6801",80
"6802",90
"6803",95
"6804",120
"6805",75
"6806",99
"6807",95
"6808",130
"6809",136
"6810",120
"6811",76
"6812",79
"6813",70
"6814",125
"6815",86
"6816",60
"6817",89
"6818",120
"6819",300
"6820",99
"6821",120
"6822",99
"6823",241
"6824",120
"6825",130
"6826",150
"6827",47
"6828",183
"6829",70
"6830",150
"6831",90
"6832",99
"6833",120
"6834",100
"6835",130
"6836",150
"6837",160
"6838",181
"6839",110
"6840",79
"6841",87
"6842",79
"6843",120
"6844",72
"6845",89
"6846",130
"6847",95
"6848",226
"6849",111
"6850",100
"6851",120
"6852",95
"6853",60
"6854",129
"6855",200
"6856",115
"6857",114
"6858",140
"6859",95
"6860",139
"6861",175
"6862",120
"6863",85
"6864",85
"6865",146
"6866",145
"6867",66
"6868",150
"6869",150
"6870",80
"6871",102
"6872",96
"6873",130
"6874",79
"6875",85
"6876",65
"6877",111
"6878",100
"6879",134
"6880",75
"6881",160
"6882",89
"6883",146
"6884",95
"6885",60
"6886",120
"6887",95
"6888",111
"6889",465
"6890",100
"6891",95
"6892",90
"6893",85
"6894",120
"6895",97
"6896",89
"6897",115
"6898",100
"6899",125
"6900",120
"6901",140
"6902",111
"6903",90
"6904",89
"6905",95
"6906",70
"6907",89
"6908",70
"6909",80
"6910",200
"6911",60
"6912",300
"6913",99
"6914",125
"6915",95
"6916",125
"6917",80
"6918",150
"6919",95
"6920",139
"6921",200
"6922",125
"6923",100
"6924",105
"6925",80
"6926",120
"6927",125
"6928",220
"6929",65
"6930",111
"6931",84
"6932",150
"6933",99
"6934",100
"6935",125
"6936",276
"6937",100
"6938",225
"6939",104
"6940",136
"6941",149
"6942",115
"6943",155
"6944",111
"6945",176
"6946",90
"6947",111
"6948",110
"6949",149
"6950",90
"6951",296
"6952",99
"6953",85
"6954",115
"6955",210
"6956",95
"6957",251
"6958",60
"6959",105
"6960",175
"6961",81
"6962",140
"6963",125
"6964",150
"6965",75
"6966",111
"6967",185
"6968",89
"6969",120
"6970",99
"6971",200
"6972",79
"6973",110
"6974",54
"6975",100
"6976",100
"6977",79
"6978",129
"6979",75
"6980",75
"6981",78
"6982",149
"6983",129
"6984",120
"6985",120
"6986",125
"6987",95
"6988",75
"6989",175
"6990",110
"6991",111
"6992",79
"6993",85
"6994",100
"6995",175
"6996",140
"6997",98
"6998",150
"6999",159
"7000",90
"7001",89
"7002",160
"7003",100
"7004",120
"7005",89
"7006",105
"7007",107
"7008",136
"7009",80
"7010",129
"7011",95
"7012",150
"7013",163
"7014",140
"7015",85
"7016",150
"7017",73
"7018",150
"7019",99
"7020",100
"7021",130
"7022",85
"7023",150
"7024",95
"7025",150
"7026",140
"7027",110
"7028",311
"7029",110
"7030",95
"7031",124
"7032",74
"7033",99
"7034",111
"7035",130
"7036",85
"7037",150
"7038",110
"7039",130
"7040",175
"7041",100
"7042",79
"7043",110
"7044",95
"7045",181
"7046",111
"7047",120
"7048",150
"7049",159
"7050",98
"7051",100
"7052",93
"7053",199
"7054",80
"7055",99
"7056",60
"7057",70
"7058",70
"7059",88
"7060",100
"7061",111
"7062",120
"7063",69
"7064",98
"7065",79
"7066",100
"7067",99
"7068",100
"7069",251
"7070",79
"7071",350
"7072",95
"7073",90
"7074",80
"7075",80
"7076",95
"7077",280
"7078",111
"7079",80
"7080",136
"7081",95
"7082",95
"7083",78
"7084",120
"7085",149
"7086",136
"7087",276
"7088",111
"7089",175
"7090",160
"7091",100
"7092",75
"7093",111
"7094",200
"7095",100
"7096",111
"7097",100
"7098",55
"7099",75
"7100",99
"7101",93
"7102",130
"7103",120
"7104",150
"7105",65
"7106",120
"7107",89
"7108",150
"7109",130
"7110",125
"7111",150
"7112",119
"7113",89
"7114",89
"7115",102
"7116",70
"7117",160
"7118",185
"7119",80
"7120",125
"7121",130
"7122",99
"7123",65
"7124",86
"7125",149
"7126",181
"7127",86
"7128",140
"7129",95
"7130",125
"7131",100
"7132",146
"7133",99
"7134",100
"7135",100
"7136",111
"7137",200
"7138",175
"7139",120
"7140",111
"7141",160
"7142",100
"7143",70
"7144",95
"7145",300
"7146",125
"7147",72
"7148",89
"7149",70
"7150",100
"7151",195
"7152",150
"7153",100
"7154",120
"7155",146
"7156",251
"7157",84
"7158",120
"7159",95
"7160",241
"7161",226
"7162",105
"7163",149
"7164",84
"7165",70
"7166",130
"7167",200
"7168",136
"7169",129
"7170",79
"7171",90
"7172",130
"7173",146
"7174",165
"7175",251
"7176",200
"7177",70
"7178",70
"7179",70
"7180",95
"7181",110
"7182",200
"7183",129
"7184",125
"7185",46
"7186",140
"7187",95
"7188",125
"7189",70
"7190",175
"7191",80
"7192",70
"7193",99
"7194",89
"7195",85
"7196",95
"7197",70
"7198",89
"7199",130
"7200",100
"7201",230
"7202",59
"7203",100
"7204",105
"7205",100
"7206",160
"7207",171
"7208",90
"7209",175
"7210",191
"7211",350
"7212",38
"7213",261
"7214",89
"7215",73
"7216",251
"7217",110
"7218",125
"7219",149
"7220",220
"7221",79
"7222",501
"7223",95
"7224",98
"7225",160
"7226",93
"7227",40
"7228",200
"7229",149
"7230",120
"7231",125
"7232",89
"7233",111
"7234",115
"7235",111
"7236",90
"7237",262
"7238",150
"7239",175
"7240",200
"7241",150
"7242",95
"7243",79
"7244",149
"7245",99
"7246",80
"7247",136
"7248",89
"7249",89
"7250",60
"7251",60
"7252",99
"7253",40
"7254",50
"7255",42
"7256",25
"7257",54
"7258",111
"7259",100
"7260",45
"7261",60
"7262",50
"7263",25
"7264",22
"7265",100
"7266",80
"7267",55
"7268",20
"7269",50
"7270",55
"7271",15
"7272",19
"7273",50
"7274",45
"7275",35
"7276",15
"7277",50
"7278",55
"7279",55
"7280",30
"7281",25
"7282",30
"7283",45
"7284",69
"7285",80
"7286",68
"7287",15
"7288",30
"7289",300
"7290",58
"7291",42
"7292",45
"7293",58
"7294",95
"7295",25
"7296",55
"7297",90
"7298",50
"7299",75
"7300",65
"7301",55
"7302",59
"7303",55
"7304",70
"7305",111
"7306",25
"7307",90
"7308",60
"7309",25
"7310",67
"7311",99
"7312",111
"7313",39
"7314",136
"7315",120
"7316",120
"7317",150
"7318",255
"7319",111
"7320",95
"7321",111
"7322",200
"7323",105
"7324",110
"7325",241
"7326",136
"7327",150
"7328",125
"7329",120
"7330",85
"7331",180
"7332",195
"7333",99
"7334",300
"7335",35
"7336",115
"7337",69
"7338",150
"7339",99
"7340",100
"7341",111
"7342",206
"7343",125
"7344",80
"7345",130
"7346",100
"7347",95
"7348",120
"7349",139
"7350",120
"7351",120
"7352",65
"7353",181
"7354",120
"7355",79
"7356",98
"7357",251
"7358",60
"7359",58
"7360",126
"7361",125
"7362",140
"7363",80
"7364",100
"7365",99
"7366",80
"7367",150
"7368",100
"7369",60
"7370",181
"7371",200
"7372",149
"7373",120
"7374",200
"7375",200
"7376",150
"7377",100
"7378",136
"7379",159
"7380",79
"7381",115
"7382",111
"7383",130
"7384",191
"7385",200
"7386",200
"7387",120
"7388",169
"7389",90
"7390",200
"7391",97
"7392",150
"7393",175
"7394",199
"7395",111
"7396",120
"7397",99
"7398",210
"7399",139
"7400",115
"7401",80
"7402",100
"7403",80
"7404",175
"7405",80
"7406",130
"7407",100
"7408",100
"7409",79
"7410",239
"7411",120
"7412",122
"7413",140
"7414",129
"7415",181
"7416",185
"7417",125
"7418",140
"7419",150
"7420",115
"7421",136
"7422",111
"7423",230
"7424",125
"7425",84
"7426",82
"7427",100
"7428",110
"7429",115
"7430",120
"7431",120
"7432",60
"7433",40
"7434",171
"7435",108
"7436",181
"7437",115
"7438",115
"7439",181
"7440",59
"7441",111
"7442",169
"7443",217
"7444",80
"7445",89
"7446",150
"7447",85
"7448",79
"7449",195
"7450",99
"7451",111
"7452",130
"7453",110
"7454",140
"7455",100
"7456",160
"7457",129
"7458",150
"7459",217
"7460",125
"7461",110
"7462",110
"7463",98
"7464",200
"7465",90
"7466",100
"7467",95
"7468",40
"7469",149
"7470",130
"7471",136
"7472",190
"7473",79
"7474",93
"7475",120
"7476",120
"7477",175
"7478",100
"7479",251
"7480",98
"7481",150
"7482",150
"7483",80
"7484",81
"7485",321
"7486",251
"7487",111
"7488",40
"7489",69
"7490",124
"7491",180
"7492",85
"7493",111
"7494",100
"7495",69
"7496",50
"7497",114
"7498",105
"7499",120
"7500",150
"7501",90
"7502",54
"7503",111
"7504",150
"7505",111
"7506",81
"7507",60
"7508",136
"7509",185
"7510",128
"7511",86
"7512",190
"7513",129
"7514",136
"7515",146
"7516",150
"7517",160
"7518",50
"7519",120
"7520",251
"7521",120
"7522",95
"7523",146
"7524",79
"7525",111
"7526",80
"7527",85
"7528",80
"7529",90
"7530",120
"7531",130
"7532",111
"7533",136
"7534",129
"7535",150
"7536",136
"7537",60
"7538",120
"7539",111
"7540",115
"7541",89
"7542",100
"7543",55
"7544",276
"7545",160
"7546",150
"7547",200
"7548",99
"7549",85
"7550",136
"7551",110
"7552",208
"7553",89
"7554",146
"7555",150
"7556",74
"7557",99
"7558",181
"7559",216
"7560",125
"7561",360
"7562",120
"7563",84
"7564",111
"7565",139
"7566",100
"7567",65
"7568",120
"7569",125
"7570",195
"7571",120
"7572",146
"7573",125
"7574",125
"7575",89
"7576",95
"7577",200
"7578",99
"7579",125
"7580",75
"7581",130
"7582",120
"7583",85
"7584",99
"7585",210
"7586",100
"7587",160
"7588",150
"7589",110
"7590",60
"7591",45
"7592",219
"7593",200
"7594",200
"7595",64
"7596",115
"7597",175
"7598",181
"7599",115
"7600",185
"7601",80
"7602",69
"7603",115
"7604",80
"7605",110
"7606",60
"7607",100
"7608",140
"7609",400
"7610",195
"7611",119
"7612",150
"7613",125
"7614",111
"7615",59
"7616",150
"7617",120
"7618",90
"7619",100
"7620",200
"7621",95
"7622",150
"7623",91
"7624",85
"7625",157
"7626",115
"7627",110
"7628",208
"7629",149
"7630",125
"7631",136
"7632",195
"7633",136
"7634",210
"7635",65
"7636",191
"7637",90
"7638",100
"7639",90
"7640",120
"7641",75
"7642",150
"7643",68
"7644",75
"7645",90
"7646",296
"7647",280
"7648",115
"7649",120
"7650",381
"7651",69
"7652",95
"7653",80
"7654",80
"7655",96
"7656",129
"7657",90
"7658",99
"7659",120
"7660",150
"7661",150
"7662",70
"7663",200
"7664",60
"7665",100
"7666",97
"7667",95
"7668",136
"7669",350
"7670",120
"7671",111
"7672",210
"7673",84
"7674",175
"7675",107
"7676",99
"7677",100
"7678",65
"7679",80
"7680",125
"7681",200
"7682",120
"7683",96
"7684",80
"7685",130
"7686",191
"7687",150
"7688",106
"7689",210
"7690",136
"7691",150
"7692",69
"7693",136
"7694",112
"7695",150
"7696",98
"7697",126
"7698",99
"7699",95
"7700",100
"7701",100
"7702",111
"7703",150
"7704",65
"7705",751
"7706",120
"7707",105
"7708",120
"7709",185
"7710",200
"7711",150
"7712",200
"7713",160
"7714",111
"7715",93
"7716",120
"7717",100
"7718",100
"7719",130
"7720",155
"7721",129
"7722",125
"7723",150
"7724",130
"7725",120
"7726",130
"7727",100
"7728",150
"7729",256
"7730",120
"7731",175
"7732",95
"7733",299
"7734",251
"7735",76
"7736",75
"7737",136
"7738",115
"7739",111
"7740",150
"7741",95
"7742",150
"7743",120
"7744",70
"7745",82
"7746",43
"7747",45
"7748",120
"7749",89
"7750",74
"7751",125
"7752",150
"7753",35
"7754",49
"7755",276
"7756",230
"7757",181
"7758",59
"7759",171
"7760",65
"7761",99
"7762",177
"7763",185
"7764",111
"7765",111
"7766",139
"7767",145
"7768",160
"7769",99
"7770",75
"7771",99
"7772",80
"7773",75
"7774",90
"7775",56
"7776",85
"7777",129
"7778",129
"7779",125
"7780",149
"7781",171
"7782",55
"7783",120
"7784",85
"7785",75
"7786",136
"7787",200
"7788",150
"7789",124
"7790",99
"7791",120
"7792",105
"7793",251
"7794",90
"7795",82
"7796",80
"7797",99
"7798",171
"7799",90
"7800",111
"7801",233
"7802",90
"7803",111
"7804",111
"7805",150
"7806",110
"7807",174
"7808",80
"7809",190
"7810",60
"7811",120
"7812",115
"7813",79
"7814",65
"7815",100
"7816",160
"7817",401
"7818",108
"7819",150
"7820",85
"7821",90
"7822",95
"7823",199
"7824",85
"7825",95
"7826",88
"7827",90
"7828",120
"7829",110
"7830",120
"7831",110
"7832",195
"7833",55
"7834",120
"7835",120
"7836",150
"7837",100
"7838",125
"7839",99
"7840",120
"7841",80
"7842",169
"7843",233
"7844",119
"7845",210
"7846",159
"7847",69
"7848",165
"7849",190
"7850",140
"7851",79
"7852",88
"7853",125
"7854",110
"7855",99
"7856",80
"7857",120
"7858",150
"7859",65
"7860",200
"7861",251
"7862",79
"7863",175
"7864",89
"7865",111
"7866",120
"7867",150
"7868",120
"7869",90
"7870",68
"7871",150
"7872",139
"7873",65
"7874",30
"7875",111
"7876",120
"7877",80
"7878",115
"7879",100
"7880",190
"7881",100
"7882",199
"7883",125
"7884",175
"7885",100
"7886",150
"7887",85
"7888",251
"7889",140
"7890",181
"7891",171
"7892",250
"7893",84
"7894",181
"7895",130
"7896",125
"7897",160
"7898",175
"7899",140
"7900",65
"7901",185
"7902",120
"7903",120
"7904",111
"7905",175
"7906",140
"7907",125
"7908",78
"7909",105
"7910",129
"7911",181
"7912",95
"7913",129
"7914",110
"7915",111
"7916",79
"7917",90
"7918",175
"7919",79
"7920",95
"7921",226
"7922",75
"7923",63
"7924",90
"7925",181
"7926",136
"7927",159
"7928",130
"7929",61
"7930",125
"7931",193
"7932",79
"7933",95
"7934",60
"7935",70
"7936",99
"7937",100
"7938",120
"7939",150
"7940",60
"7941",84
"7942",100
"7943",99
"7944",150
"7945",102
"7946",199
"7947",160
"7948",140
"7949",251
"7950",99
"7951",130
"7952",84
"7953",89
"7954",72
"7955",160
"7956",171
"7957",130
"7958",146
"7959",89
"7960",115
"7961",124
"7962",210
"7963",50
"7964",120
"7965",181
"7966",85
"7967",75
"7968",79
"7969",105
"7970",115
"7971",90
"7972",120
"7973",75
"7974",90
"7975",160
"7976",250
"7977",195
"7978",80
"7979",125
"7980",90
"7981",181
"7982",199
"7983",89
"7984",105
"7985",89
"7986",120
"7987",99
"7988",130
"7989",125
"7990",85
"7991",89
"7992",181
"7993",95
"7994",87
"7995",220
"7996",136
"7997",100
"7998",150
"7999",394
"8000",90
"8001",191
"8002",149
"8003",296
"8004",124
"8005",130
"8006",99
"8007",125
"8008",350
"8009",65
"8010",95
"8011",120
"8012",110
"8013",139
"8014",69
"8015",89
"8016",130
"8017",95
"8018",90
"8019",100
"8020",130
"8021",120
"8022",150
"8023",95
"8024",139
"8025",125
"8026",60
"8027",120
"8028",100
"8029",125
"8030",99
"8031",110
"8032",100
"8033",87
"8034",146
"8035",146
"8036",112
"8037",160
"8038",199
"8039",44
"8040",80
"8041",119
"8042",220
"8043",130
"8044",139
"8045",111
"8046",80
"8047",125
"8048",120
"8049",169
"8050",70
"8051",123
"8052",45
"8053",125
"8054",75
"8055",195
"8056",235
"8057",128
"8058",181
"8059",139
"8060",95
"8061",165
"8062",136
"8063",90
"8064",120
"8065",300
"8066",111
"8067",99
"8068",100
"8069",171
"8070",85
"8071",95
"8072",111
"8073",110
"8074",90
"8075",601
"8076",90
"8077",120
"8078",136
"8079",68
"8080",100
"8081",70
"8082",75
"8083",251
"8084",200
"8085",120
"8086",226
"8087",90
"8088",165
"8089",46
"8090",136
"8091",150
"8092",193
"8093",95
"8094",130
"8095",120
"8096",90
"8097",149
"8098",180
"8099",90
"8100",115
"8101",111
"8102",100
"8103",160
"8104",130
"8105",251
"8106",90
"8107",60
"8108",120
"8109",130
"8110",89
"8111",180
"8112",89
"8113",210
"8114",80
"8115",110
"8116",75
"8117",145
"8118",90
"8119",120
"8120",84
"8121",100
"8122",37
"8123",136
"8124",95
"8125",159
"8126",124
"8127",65
"8128",199
"8129",200
"8130",80
"8131",98
"8132",50
"8133",280
"8134",139
"8135",276
"8136",120
"8137",139
"8138",93
"8139",58
"8140",100
"8141",200
"8142",85
"8143",95
"8144",137
"8145",89
"8146",190
"8147",115
"8148",195
"8149",175
"8150",130
"8151",300
"8152",125
"8153",149
"8154",85
"8155",55
"8156",113
"8157",70
"8158",160
"8159",85
"8160",100
"8161",171
"8162",200
"8163",181
"8164",96
"8165",84
"8166",111
"8167",120
"8168",100
"8169",350
"8170",72
"8171",150
"8172",150
"8173",169
"8174",90
"8175",331
"8176",70
"8177",251
"8178",111
"8179",105
"8180",77
"8181",120
"8182",75
"8183",139
"8184",139
"8185",168
"8186",105
"8187",230
"8188",111
"8189",95
"8190",99
"8191",216
"8192",150
"8193",111
"8194",110
"8195",120
"8196",175
"8197",100
"8198",80
"8199",120
"8200",100
"8201",110
"8202",226
"8203",160
"8204",90
"8205",111
"8206",100
"8207",120
"8208",50
"8209",100
"8210",150
"8211",116
"8212",99
"8213",129
"8214",140
"8215",140
"8216",65
"8217",146
"8218",75
"8219",89
"8220",85
"8221",130
"8222",276
"8223",140
"8224",75
"8225",146
"8226",60
"8227",251
"8228",100
"8229",70
"8230",251
"8231",150
"8232",120
"8233",140
"8234",100
"8235",85
"8236",251
"8237",58
"8238",89
"8239",136
"8240",89
"8241",136
"8242",280
"8243",93
"8244",190
"8245",146
"8246",70
"8247",95
"8248",140
"8249",125
"8250",150
"8251",111
"8252",80
"8253",185
"8254",200
"8255",150
"8256",180
"8257",90
"8258",100
"8259",125
"8260",100
"8261",70
"8262",129
"8263",111
"8264",130
"8265",99
"8266",139
"8267",169
"8268",85
"8269",100
"8270",251
"8271",150
"8272",100
"8273",95
"8274",120
"8275",111
"8276",146
"8277",85
"8278",286
"8279",100
"8280",115
"8281",100
"8282",120
"8283",79
"8284",199
"8285",120
"8286",195
"8287",130
"8288",139
"8289",149
"8290",55
"8291",175
"8292",111
"8293",85
"8294",100
"8295",129
"8296",165
"8297",160
"8298",245
"8299",129
"8300",85
"8301",120
"8302",140
"8303",250
"8304",171
"8305",103
"8306",49
"8307",99
"8308",149
