bathrooms,accommodates,distance_to_dam,beds,reviews_per_month,bedrooms,review_scores_cleanliness,review_scores_checkin,guests_included,review_scores_communication
1.0,2,1.21562597637,1.0,0.0,1.0,0.0,0.0,1,0.0
1.0,2,2.85717240645,2.0,1.58,1.0,10.0,10.0,1,10.0
1.0,2,2.60148414721,1.0,0.13,1.0,10.0,10.0,2,10.0
1.0,2,1.05172112509,1.0,2.14,1.0,8.0,10.0,1,10.0
1.0,2,1.33072804971,1.0,5.93,0.0,9.0,10.0,2,10.0
1.0,8,3.47332065108,3.0,0.0,3.0,0.0,0.0,6,0.0
1.0,2,2.77724850666,2.0,0.19,1.0,10.0,10.0,1,10.0
1.5,3,1.77352167271,2.0,0.32,3.0,10.0,10.0,1,10.0
1.5,4,7.11464890848,2.0,2.0,2.0,10.0,9.0,2,10.0
1.0,2,3.96705274192,1.0,0.5,1.0,9.0,10.0,1,9.0
1.0,4,2.47232353633,2.0,0.77,2.0,9.0,10.0,2,10.0
1.0,2,3.23951285201,2.0,2.5,0.0,10.0,10.0,1,10.0
1.0,2,4.26965484413,1.0,0.0,1.0,0.0,0.0,1,0.0
1.5,4,1.13288403311,2.0,0.04,1.0,8.0,6.0,2,6.0
1.0,2,2.46712688242,1.0,1.21,1.0,10.0,10.0,1,10.0
1.0,3,3.03974450496,2.0,2.34,2.0,10.0,10.0,2,10.0
1.5,4,2.24924036966,5.0,0.32,3.0,10.0,10.0,1,10.0
2.0,4,1.52603663885,2.0,1.0,2.0,10.0,10.0,1,10.0
1.0,2,3.66436994195,2.0,0.0,2.0,0.0,0.0,0,0.0
1.0,3,2.33550174465,3.0,0.21,2.0,9.0,10.0,1,10.0
1.0,2,0.371123530187,1.0,1.0,1.0,10.0,10.0,1,10.0
1.0,3,2.93497099096,2.0,3.13,2.0,10.0,10.0,1,10.0
1.0,2,2.66927680212,1.0,1.0,1.0,10.0,10.0,1,10.0
1.0,2,1.00452379789,1.0,2.1,1.0,10.0,10.0,2,10.0
1.0,3,3.07513575118,2.0,0.0,2.0,0.0,0.0,1,0.0
1.0,2,1.0838962709,1.0,1.0,0.0,10.0,10.0,2,10.0
2.0,4,1.76499844037,2.0,0.0,2.0,0.0,0.0,2,0.0
1.0,3,2.63570501823,2.0,1.8,0.0,9.0,10.0,2,10.0
1.0,3,2.39484965415,2.0,1.79,1.0,9.0,9.0,2,9.0
1.0,1,2.36081937366,1.0,0.93,1.0,9.0,10.0,1,10.0
1.0,2,1.18984991227,1.0,0.3,2.0,10.0,10.0,2,10.0
1.0,4,2.53436090913,2.0,0.33,2.0,8.0,10.0,0,10.0
1.5,5,1.46717399194,2.0,0.9,2.0,10.0,10.0,1,10.0
2.0,4,3.67910203804,2.0,2.78,2.0,9.0,10.0,2,10.0
1.0,4,0.752280644492,3.0,2.54,1.0,10.0,10.0,4,10.0
1.5,4,2.92551372796,2.0,0.0,2.0,0.0,0.0,1,0.0
1.0,2,3.27635346552,1.0,0.0,1.0,0.0,0.0,1,0.0
1.0,4,2.99953482227,2.0,3.91,2.0,9.0,9.0,2,10.0
1.5,4,1.87020296167,2.0,1.0,1.0,8.0,10.0,1,10.0
1.0,4,2.61274318086,3.0,0.0,1.0,0.0,0.0,1,0.0
1.0,2,2.55664236078,1.0,0.0,1.0,0.0,0.0,1,0.0
1.0,2,3.6915397165,1.0,1.64,1.0,10.0,10.0,1,10.0
1.0,2,1.90166995028,1.0,0.46,1.0,10.0,10.0,1,10.0
1.0,2,2.41385783754,1.0,1.68,1.0,10.0,10.0,2,10.0
1.0,2,2.18267485156,1.0,0.13,1.0,10.0,10.0,1,10.0
0.0,2,0.944335375817,1.0,0.88,1.0,9.0,10.0,2,10.0
1.0,2,3.60772742589,1.0,0.0,1.0,0.0,0.0,1,0.0
1.0,1,1.95634859011,1.0,0.94,0.0,8.0,10.0,1,10.0
1.0,2,3.1349920756,1.0,0.99,1.0,10.0,10.0,1,10.0
1.5,2,2.85824090816,1.0,4.15,1.0,9.0,10.0,1,10.0
1.0,2,2.62330519128,1.0,1.32,1.0,10.0,10.0,1,10.0
1.0,2,2.88221236686,2.0,0.12,1.0,10.0,10.0,1,10.0
1.0,4,1.96561614287,2.0,0.21,1.0,10.0,9.0,2,10.0
1.0,1,1.69386390707,1.0,4.66,1.0,9.0,10.0,1,10.0
1.0,4,1.48099934117,2.0,0.0,1.0,0.0,0.0,2,0.0
1.0,3,1.84375393053,1.0,4.91,1.0,10.0,10.0,2,10.0
1.0,4,4.27688976153,2.0,1.0,2.0,10.0,10.0,1,10.0
1.0,4,2.18618308183,2.0,0.31,2.0,10.0,9.0,2,10.0
1.0,3,2.52621158946,1.0,0.19,3.0,6.0,10.0,1,10.0
1.0,2,0.952754526003,1.0,2.71,1.0,10.0,10.0,1,10.0
1.0,2,2.73642511239,1.0,0.1,1.0,10.0,10.0,1,10.0
1.5,2,1.92188141638,1.0,1.0,1.0,10.0,10.0,1,10.0
1.0,2,0.922557083944,1.0,0.41,1.0,9.0,10.0,1,9.0
1.0,2,2.59142903816,1.0,0.0,1.0,0.0,0.0,1,0.0
1.0,2,9.44289357158,1.0,3.08,1.0,10.0,10.0,1,10.0
1.0,2,3.25994585911,1.0,0.4,1.0,10.0,10.0,0,10.0
1.0,2,1.99327085904,1.0,0.0,1.0,0.0,0.0,1,0.0
1.0,4,3.39596363012,2.0,0.0,1.0,0.0,0.0,1,0.0
1.0,2,3.33052088772,1.0,0.31,1.0,10.0,10.0,1,10.0
1.0,2,2.14361030291,1.0,1.24,2.0,10.0,10.0,2,9.0
1.0,2,3.08416114188,1.0,0.0,1.0,0.0,0.0,1,0.0
1.0,2,3.64356742739,1.0,0.5,1.0,10.0,10.0,1,10.0
1.0,4,0.497288800049,3.0,1.0,2.0,10.0,10.0,1,10.0
1.0,2,0.881096729951,1.0,0.0,1.0,0.0,0.0,1,0.0
1.0,2,2.28159907408,1.0,0.28,1.0,10.0,10.0,1,10.0
1.0,4,2.94242844221,4.0,1.0,2.0,0.0,0.0,1,0.0
1.0,2,3.31637806802,1.0,3.0,1.0,9.0,10.0,1,10.0
1.0,2,3.99341510404,1.0,0.71,1.0,10.0,10.0,1,10.0
1.0,2,4.1382993621,1.0,0.66,1.0,10.0,10.0,1,10.0
1.0,3,1.40511476482,2.0,0.24,1.0,10.0,10.0,1,10.0
1.5,4,3.39915206808,2.0,1.99,2.0,9.0,9.0,2,9.0
1.0,4,1.36816176064,4.0,3.69,2.0,10.0,10.0,0,10.0
1.0,2,4.0614706398,1.0,0.11,2.0,10.0,9.0,2,8.0
1.0,2,6.51464257258,1.0,0.49,1.0,9.0,9.0,0,9.0
1.0,2,2.64661894028,1.0,1.9,1.0,10.0,9.0,1,10.0
1.0,2,1.38851776689,1.0,0.12,1.0,10.0,10.0,1,10.0
1.0,4,3.45042619633,2.0,0.25,2.0,8.0,10.0,1,10.0
1.0,3,1.87794319975,2.0,0.64,2.0,10.0,10.0,3,10.0
1.0,2,1.69846080812,1.0,0.12,1.0,10.0,10.0,1,10.0
1.0,2,1.21873616889,1.0,2.07,1.0,10.0,8.0,1,9.0
1.0,2,1.31258524414,1.0,0.0,2.0,0.0,0.0,1,0.0
1.0,2,2.27198385596,1.0,0.31,1.0,10.0,10.0,1,10.0
1.0,2,1.33624803181,1.0,4.79,0.0,10.0,10.0,1,10.0
1.0,4,1.4468632277,2.0,1.3,2.0,10.0,10.0,2,10.0
1.0,4,3.04259410808,3.0,0.0,3.0,0.0,0.0,1,0.0
1.5,4,0.857118472592,2.0,0.16,1.0,10.0,9.0,2,9.0
1.0,2,6.95592144337,2.0,0.23,1.0,9.0,9.0,1,9.0
1.0,4,1.41892774837,2.0,0.22,1.0,10.0,9.0,1,9.0
1.0,2,2.89614859445,1.0,0.1,1.0,0.0,0.0,1,0.0
1.0,4,2.8690873503,2.0,0.74,2.0,9.0,10.0,2,10.0
1.0,2,2.30430221414,1.0,0.0,1.0,0.0,0.0,1,0.0
2.0,4,2.18167823384,4.0,0.95,2.0,10.0,10.0,2,10.0
1.0,2,3.90591103075,1.0,0.14,1.0,10.0,10.0,1,10.0
1.0,4,1.96071908016,3.0,1.0,2.0,10.0,10.0,1,10.0
1.0,2,3.0783012398,1.0,0.0,1.0,0.0,0.0,1,0.0
1.0,4,3.55432703928,3.0,1.19,2.0,10.0,10.0,2,10.0
1.5,2,3.60946010762,1.0,2.2,2.0,9.0,9.0,2,9.0
0.5,1,4.67129391951,1.0,0.0,1.0,0.0,0.0,1,0.0
1.0,2,2.86156910034,1.0,3.19,1.0,9.0,10.0,1,10.0
1.0,2,2.97879244141,2.0,0.5,1.0,9.0,10.0,2,9.0
1.0,4,2.50042086616,2.0,1.75,1.0,9.0,9.0,2,9.0
1.5,2,2.72509365363,1.0,0.87,1.0,9.0,9.0,1,10.0
1.0,2,2.6054101224,1.0,0.41,1.0,9.0,10.0,1,10.0
1.0,4,3.15857642378,2.0,0.36,1.0,9.0,9.0,3,10.0
1.0,4,3.17745505196,3.0,1.38,2.0,10.0,10.0,0,10.0
1.0,2,3.25926129065,1.0,0.21,1.0,8.0,10.0,1,9.0
1.0,2,0.707373998278,2.0,1.08,1.0,8.0,9.0,2,9.0
1.0,1,7.99206827668,1.0,0.0,1.0,0.0,0.0,1,0.0
1.0,4,1.97583373576,4.0,1.66,0.0,9.0,10.0,2,10.0
1.0,2,4.91347905797,1.0,0.08,1.0,8.0,6.0,1,6.0
1.0,2,2.43073034801,1.0,0.87,1.0,9.0,10.0,1,10.0
1.0,2,1.87753752221,1.0,0.54,1.0,9.0,6.0,1,9.0
1.0,2,2.0018377928,1.0,0.0,1.0,0.0,0.0,1,0.0
1.0,4,9.30341413806,2.0,0.41,1.0,10.0,10.0,2,10.0
1.0,4,3.06113872466,2.0,0.85,0.0,9.0,10.0,1,10.0
1.0,2,7.31042057848,1.0,1.06,1.0,9.0,10.0,1,10.0
1.0,4,2.43506413117,2.0,2.89,1.0,9.0,9.0,1,10.0
1.0,2,2.37813247504,1.0,0.35,1.0,10.0,10.0,1,10.0
1.0,4,0.433131924399,4.0,1.61,2.0,9.0,9.0,1,9.0
1.0,2,2.78059256662,1.0,0.62,1.0,10.0,10.0,1,10.0
1.0,2,1.62157078343,1.0,6.02,1.0,9.0,10.0,2,10.0
1.5,2,0.622111049019,1.0,0.0,1.0,0.0,0.0,1,0.0
1.0,2,1.46456021806,1.0,0.63,1.0,9.0,10.0,2,10.0
1.0,4,2.37777340486,1.0,1.0,1.0,10.0,10.0,2,10.0
1.0,2,1.40825177672,1.0,0.87,1.0,8.0,9.0,1,10.0
1.0,7,3.97406469299,5.0,0.49,3.0,10.0,10.0,4,10.0
1.0,2,1.44079541288,1.0,0.76,1.0,10.0,10.0,1,10.0
1.0,2,2.13721922749,1.0,1.0,1.0,10.0,10.0,1,10.0
1.0,2,3.03020474503,1.0,0.27,1.0,10.0,10.0,2,10.0
1.0,2,7.73764295413,2.0,5.0,1.0,9.0,10.0,1,10.0
1.0,2,2.0322985209,1.0,2.43,1.0,9.0,10.0,1,10.0
1.0,1,3.15714135183,1.0,0.0,1.0,0.0,0.0,1,0.0
1.0,2,0.442048477618,1.0,0.46,1.0,10.0,10.0,2,10.0
1.0,2,3.23926480447,1.0,0.16,1.0,10.0,9.0,1,9.0
1.0,2,3.13359562405,1.0,1.3,1.0,10.0,10.0,2,10.0
1.5,4,4.01501922631,2.0,1.19,2.0,10.0,10.0,1,9.0
1.0,1,2.19981338534,1.0,0.0,1.0,0.0,0.0,1,0.0
1.0,2,1.91766449595,1.0,1.3,1.0,10.0,10.0,0,10.0
1.0,4,1.88170225009,2.0,1.76,2.0,9.0,10.0,4,10.0
0.5,2,3.92408746655,1.0,0.72,1.0,9.0,9.0,1,9.0
1.0,2,2.08307649198,2.0,0.47,1.0,10.0,10.0,2,10.0
1.0,2,1.52260532763,1.0,0.0,1.0,0.0,0.0,1,0.0
1.0,3,1.95514155171,1.0,0.51,1.0,9.0,10.0,1,10.0
1.0,4,6.79577344301,2.0,0.0,2.0,0.0,0.0,1,0.0
1.0,2,3.35476267121,1.0,0.3,1.0,10.0,10.0,1,10.0
1.0,4,2.22677369446,2.0,0.0,2.0,0.0,0.0,1,0.0
1.0,4,2.87413137074,3.0,0.63,1.0,8.0,10.0,2,10.0
1.0,4,1.53976208094,2.0,3.18,1.0,8.0,9.0,1,10.0
1.0,3,2.13901957144,2.0,2.24,2.0,9.0,9.0,1,9.0
1.0,3,3.09557682738,1.0,0.29,1.0,10.0,10.0,2,10.0
1.0,1,2.65854010652,1.0,1.53,1.0,9.0,10.0,1,9.0
1.0,2,3.39517236004,1.0,2.78,0.0,10.0,10.0,1,10.0
1.0,3,1.81090471564,2.0,2.69,1.0,10.0,10.0,1,10.0
1.0,2,3.0289338838,1.0,0.73,1.0,10.0,10.0,1,10.0
1.0,2,2.37524784709,1.0,4.44,1.0,10.0,10.0,1,10.0
1.0,4,5.16862677174,4.0,0.0,1.0,0.0,0.0,2,0.0
1.0,2,4.10751731939,1.0,0.0,1.0,0.0,0.0,1,0.0
1.0,2,2.50397332871,1.0,0.0,1.0,0.0,0.0,1,0.0
1.0,4,2.58595874372,2.0,1.43,2.0,10.0,10.0,2,10.0
1.0,2,3.35811319668,1.0,0.71,1.0,9.0,10.0,1,10.0
1.0,2,2.40960200901,1.0,3.21,1.0,10.0,9.0,1,10.0
1.0,2,2.61080457075,1.0,0.93,1.0,10.0,10.0,1,10.0
1.0,4,1.43222922814,4.0,0.08,2.0,10.0,10.0,1,10.0
1.0,4,3.65752303555,2.0,0.58,2.0,10.0,10.0,1,9.0
1.0,2,2.61018414038,1.0,2.0,1.0,10.0,10.0,1,10.0
1.0,2,3.25871970327,1.0,3.0,1.0,8.0,10.0,1,9.0
1.0,2,4.25516384344,1.0,0.0,1.0,0.0,0.0,1,0.0
1.0,5,3.62645032618,2.0,0.49,2.0,9.0,10.0,2,10.0
1.0,2,2.23713008268,1.0,0.26,1.0,10.0,9.0,1,10.0
1.0,4,3.95445025856,4.0,1.03,2.0,8.0,10.0,1,10.0
1.0,2,2.31271291253,1.0,0.0,0.0,0.0,0.0,1,0.0
1.0,2,4.11897501499,1.0,0.0,1.0,0.0,0.0,1,0.0
1.0,2,1.54373673339,1.0,3.9,1.0,8.0,7.0,1,7.0
1.0,2,1.59366716261,1.0,3.62,1.0,10.0,10.0,1,10.0
1.0,2,2.20090239975,1.0,1.02,0.0,9.0,10.0,1,10.0
1.0,4,1.35685653163,2.0,0.13,2.0,10.0,10.0,4,10.0
1.0,4,4.13618593085,3.0,1.67,1.0,9.0,10.0,3,10.0
1.0,2,2.7175323937,1.0,1.16,1.0,9.0,9.0,2,10.0
1.0,2,2.99657135359,1.0,1.0,1.0,9.0,10.0,2,10.0
1.0,3,2.90990145887,1.0,2.5,1.0,9.0,10.0,1,10.0
1.0,3,6.18902777364,2.0,5.24,2.0,9.0,10.0,0,10.0
1.0,2,1.88138396076,1.0,1.06,1.0,10.0,10.0,1,10.0
1.0,2,2.83522874802,1.0,1.44,1.0,9.0,10.0,0,10.0
1.0,2,1.10062062534,1.0,3.65,1.0,10.0,10.0,1,10.0
1.0,1,4.26110098524,1.0,2.13,1.0,7.0,9.0,1,9.0
1.0,4,1.99246497827,6.0,1.72,2.0,9.0,10.0,2,10.0
1.0,4,3.83845348393,2.0,0.0,2.0,0.0,0.0,1,0.0
1.0,2,1.42564176049,1.0,0.62,1.0,10.0,10.0,1,10.0
1.0,4,1.96658363226,2.0,2.31,2.0,10.0,10.0,2,10.0
1.0,4,2.92281949655,1.0,0.82,1.0,8.0,10.0,1,10.0
1.0,2,2.00364016223,1.0,0.12,1.0,10.0,10.0,2,10.0
1.5,4,4.8785174928,4.0,0.0,1.0,0.0,0.0,2,0.0
1.0,2,2.99009597242,1.0,0.0,1.0,0.0,0.0,2,0.0
1.0,4,8.7567540622,1.0,0.0,2.0,0.0,0.0,1,0.0
1.0,2,1.84660748474,1.0,1.45,1.0,10.0,10.0,2,10.0
1.0,2,2.98598992084,2.0,2.42,1.0,10.0,10.0,1,10.0
1.0,4,3.72187475234,2.0,0.39,2.0,9.0,10.0,1,10.0
1.0,2,0.501657974641,2.0,1.38,1.0,10.0,10.0,1,10.0
1.5,4,0.823873590111,2.0,0.0,2.0,0.0,0.0,2,0.0
1.0,2,2.74280604725,1.0,0.0,1.0,0.0,0.0,1,0.0
1.0,4,1.9102468476,2.0,0.0,2.0,0.0,0.0,1,0.0
1.0,2,2.75336456478,1.0,1.61,1.0,10.0,10.0,1,10.0
1.0,5,2.20908923685,2.0,1.95,2.0,9.0,10.0,4,10.0
1.0,4,2.69352391901,2.0,0.67,1.0,9.0,9.0,1,10.0
1.0,3,1.40155833909,2.0,0.36,1.0,10.0,10.0,1,10.0
1.0,4,1.49059480919,3.0,0.39,3.0,10.0,10.0,2,10.0
1.0,2,1.99747113973,1.0,0.0,1.0,0.0,0.0,1,0.0
1.0,2,2.57445869804,1.0,0.0,1.0,0.0,0.0,1,0.0
1.0,4,2.4713559234,3.0,0.0,2.0,0.0,0.0,1,0.0
1.5,4,3.37919594123,2.0,0.0,1.0,0.0,0.0,1,0.0
1.0,2,3.3084508504,1.0,2.31,1.0,9.0,10.0,1,10.0
1.0,2,2.89369744007,2.0,0.53,2.0,9.0,9.0,2,10.0
1.0,2,2.48987535363,1.0,0.16,1.0,8.0,9.0,1,9.0
1.0,2,2.6672967007,1.0,1.27,0.0,10.0,10.0,1,10.0
1.0,3,0.646799160758,1.0,0.0,1.0,0.0,0.0,1,0.0
1.0,2,1.14206922194,1.0,1.71,1.0,10.0,10.0,1,10.0
1.0,4,3.69500779077,2.0,0.42,2.0,8.0,10.0,1,10.0
1.0,3,5.95514333184,2.0,3.93,1.0,9.0,9.0,3,9.0
1.0,2,1.88239515341,2.0,0.81,1.0,10.0,10.0,2,10.0
1.0,2,2.19605750333,1.0,1.32,1.0,10.0,10.0,1,10.0
1.0,4,1.40369997421,1.0,0.0,1.0,0.0,0.0,2,0.0
1.0,2,1.29503936548,2.0,0.0,1.0,0.0,0.0,1,0.0
2.0,2,1.66026404528,1.0,1.66,1.0,10.0,10.0,1,10.0
1.5,2,1.18241204241,1.0,1.16,1.0,10.0,10.0,1,10.0
1.0,3,6.65462024897,2.0,1.75,1.0,9.0,9.0,3,9.0
1.0,2,6.63241155679,1.0,0.14,1.0,10.0,9.0,1,10.0
1.0,2,2.54056356198,2.0,4.73,1.0,10.0,10.0,1,10.0
1.0,3,3.52389487623,2.0,0.91,2.0,8.0,8.0,2,8.0
1.0,2,1.41148604771,1.0,1.19,1.0,10.0,8.0,1,10.0
1.0,4,3.89249020425,5.0,1.03,3.0,10.0,10.0,1,9.0
1.0,3,2.78073457756,1.0,0.87,1.0,10.0,10.0,2,10.0
1.0,2,1.4089741562,1.0,0.52,1.0,10.0,10.0,1,10.0
1.0,2,1.11538774527,1.0,0.05,1.0,0.0,0.0,1,0.0
1.0,2,3.74221385655,1.0,0.41,1.0,10.0,10.0,2,10.0
1.0,2,3.35926491,1.0,0.61,1.0,10.0,10.0,1,10.0
1.0,4,2.53304068983,2.0,1.87,1.0,9.0,10.0,1,10.0
1.0,4,1.93138435498,2.0,1.63,1.0,10.0,10.0,2,10.0
1.0,4,2.17244290567,2.0,0.0,1.0,0.0,0.0,2,0.0
1.0,3,1.42625659462,2.0,1.04,1.0,8.0,10.0,1,10.0
2.0,4,1.33335616634,2.0,1.71,1.0,10.0,10.0,2,10.0
1.5,4,7.68650059953,2.0,0.46,2.0,10.0,10.0,1,10.0
1.0,2,2.15331271028,1.0,4.74,1.0,10.0,9.0,1,9.0
1.0,2,3.74329664947,1.0,0.0,1.0,0.0,0.0,1,0.0
1.0,2,2.43230410739,1.0,0.21,1.0,10.0,10.0,1,10.0
1.0,2,1.92067986124,1.0,0.0,1.0,0.0,0.0,1,0.0
1.0,2,1.11278829823,1.0,2.42,0.0,10.0,9.0,1,10.0
1.0,2,0.214003373819,1.0,0.05,1.0,8.0,9.0,0,9.0
1.0,3,1.7446461986,1.0,4.82,1.0,10.0,10.0,2,10.0
1.0,2,0.879784448206,1.0,0.64,0.0,10.0,10.0,2,10.0
1.5,2,1.03322247749,1.0,0.0,1.0,0.0,0.0,2,0.0
1.0,1,2.53106480087,1.0,3.28,1.0,9.0,8.0,1,9.0
1.0,2,1.83658730732,1.0,0.35,1.0,9.0,10.0,2,10.0
1.0,2,2.32978312025,1.0,2.84,1.0,9.0,9.0,1,9.0
1.5,3,2.6142326319,1.0,0.33,2.0,8.0,9.0,2,9.0
1.0,2,1.5134762492,1.0,0.05,0.0,8.0,10.0,1,8.0
1.0,4,1.07442301079,2.0,0.65,2.0,10.0,10.0,1,10.0
1.0,3,1.70020249146,2.0,0.79,1.0,10.0,10.0,1,10.0
1.0,4,3.09148943659,2.0,1.04,3.0,10.0,10.0,4,10.0
1.0,2,2.82920581034,1.0,1.0,1.0,8.0,10.0,1,10.0
1.0,4,0.226842033693,1.0,3.87,1.0,9.0,10.0,2,10.0
2.0,6,1.13380096666,4.0,1.32,2.0,9.0,9.0,3,9.0
1.0,2,2.71610544666,1.0,0.0,1.0,0.0,0.0,1,0.0
1.5,3,2.68655114059,2.0,0.78,1.0,9.0,9.0,1,9.0
1.0,4,4.31749485985,5.0,0.0,3.0,0.0,0.0,1,0.0
1.0,2,3.02425147875,1.0,0.94,1.0,7.0,9.0,2,9.0
1.0,2,2.47580579369,1.0,0.67,1.0,9.0,10.0,2,10.0
1.0,3,1.57101596394,2.0,0.27,2.0,10.0,10.0,2,10.0
1.0,1,2.96118804489,1.0,0.38,1.0,10.0,10.0,0,10.0
1.0,2,3.50585094677,1.0,0.82,1.0,10.0,10.0,1,10.0
2.0,4,2.52964104358,2.0,0.66,2.0,10.0,9.0,1,10.0
1.0,2,3.03642598973,1.0,0.13,1.0,10.0,10.0,2,10.0
1.0,4,2.26050162226,2.0,0.82,2.0,9.0,10.0,2,10.0
1.0,2,2.33492507181,1.0,0.16,2.0,10.0,10.0,2,10.0
1.0,4,2.22429551127,1.0,0.03,1.0,0.0,0.0,1,0.0
1.0,2,5.27957250491,1.0,2.9,1.0,9.0,10.0,1,10.0
1.0,2,3.96478753462,1.0,0.53,1.0,10.0,10.0,1,10.0
1.0,2,2.2382227077,1.0,0.65,1.0,10.0,10.0,1,10.0
1.0,4,2.01210768283,3.0,1.23,2.0,10.0,10.0,2,10.0
1.0,2,1.05649686632,1.0,4.09,1.0,10.0,10.0,0,10.0
1.0,2,1.07677987969,1.0,2.95,0.0,10.0,9.0,1,9.0
1.0,4,2.15842091886,2.0,2.0,2.0,10.0,9.0,2,10.0
1.0,3,3.33100360707,1.0,1.9,1.0,9.0,10.0,2,10.0
1.0,2,3.68578285575,1.0,0.77,1.0,9.0,10.0,1,10.0
1.0,2,2.51015384662,1.0,0.0,1.0,0.0,0.0,1,0.0
1.0,3,1.09015469637,2.0,3.09,1.0,6.0,9.0,2,9.0
1.0,2,2.51886490135,1.0,0.16,1.0,10.0,9.0,1,9.0
1.0,2,1.62613055027,1.0,4.05,1.0,10.0,10.0,1,10.0
2.0,2,4.59621764313,1.0,1.0,1.0,10.0,10.0,1,10.0
1.5,2,2.24617621751,2.0,0.0,1.0,0.0,0.0,1,0.0
1.0,3,2.50292052143,2.0,0.71,2.0,9.0,10.0,1,9.0
1.0,4,1.1523811247,2.0,0.59,2.0,10.0,10.0,2,10.0
1.0,3,2.18520128124,3.0,1.0,2.0,10.0,10.0,1,10.0
1.0,2,2.62911642396,1.0,1.49,1.0,10.0,10.0,2,10.0
1.0,2,2.41703804192,1.0,0.24,2.0,10.0,10.0,1,10.0
2.0,1,2.86901532937,1.0,0.0,1.0,0.0,0.0,1,0.0
1.0,4,1.46460908893,4.0,0.18,2.0,10.0,9.0,1,10.0
1.0,3,3.04704569136,2.0,0.0,0.0,0.0,0.0,1,0.0
1.0,2,3.22032826866,1.0,0.0,1.0,0.0,0.0,1,0.0
1.0,2,3.46679516537,1.0,0.34,1.0,9.0,10.0,1,10.0
1.0,2,3.1653250315,1.0,0.64,1.0,10.0,10.0,1,10.0
1.0,4,4.31155009748,2.0,1.45,1.0,9.0,10.0,4,10.0
1.0,2,1.66646905297,1.0,1.33,1.0,10.0,10.0,1,10.0
1.0,2,3.44172295718,1.0,0.94,1.0,10.0,10.0,2,10.0
1.0,2,2.47242558655,1.0,1.23,1.0,9.0,9.0,1,9.0
1.0,2,2.74281984384,2.0,0.2,1.0,9.0,10.0,1,10.0
1.0,4,2.1795334462,2.0,0.18,2.0,9.0,9.0,2,9.0
1.0,3,2.92954017523,2.0,0.0,2.0,0.0,0.0,1,0.0
1.0,2,4.35496941353,1.0,0.91,1.0,10.0,9.0,2,10.0
1.0,4,1.10384270535,2.0,0.42,2.0,7.0,10.0,1,10.0
1.0,2,1.77858371826,1.0,5.0,1.0,8.0,10.0,0,10.0
1.0,4,2.09638791219,2.0,0.32,2.0,10.0,10.0,2,9.0
1.0,3,3.07839205612,2.0,0.93,2.0,9.0,9.0,2,10.0
1.0,3,2.48369586023,2.0,1.05,2.0,10.0,10.0,1,10.0
1.0,2,2.8671780673,1.0,1.14,1.0,9.0,10.0,1,9.0
1.0,4,0.772174122005,3.0,1.41,1.0,9.0,10.0,2,10.0
1.0,2,1.59500776102,1.0,2.14,1.0,10.0,8.0,1,8.0
0.5,2,2.78474977083,1.0,0.13,1.0,8.0,2.0,1,8.0
1.0,5,2.09313897974,5.0,1.51,2.0,10.0,10.0,2,10.0
1.0,3,2.40003781552,2.0,0.7,2.0,10.0,10.0,1,10.0
1.5,5,1.70678289453,5.0,5.0,3.0,10.0,10.0,4,10.0
1.0,2,3.08893555492,1.0,1.01,1.0,10.0,10.0,1,10.0
0.5,2,2.33263182518,1.0,0.59,1.0,10.0,10.0,1,10.0
1.0,6,3.80803256851,3.0,1.23,2.0,9.0,10.0,3,10.0
1.5,2,4.28842126538,1.0,1.88,1.0,10.0,10.0,1,10.0
1.5,4,1.82133787268,0.0,1.0,2.0,8.0,10.0,1,10.0
1.0,2,2.285241648,1.0,2.28,1.0,9.0,9.0,0,9.0
1.5,2,1.96374967097,2.0,2.54,1.0,9.0,10.0,1,10.0
1.0,3,3.14223693208,2.0,0.0,1.0,0.0,0.0,1,0.0
1.0,4,2.69151783421,2.0,1.63,2.0,10.0,10.0,0,10.0
1.0,2,2.47427718514,1.0,1.07,1.0,10.0,9.0,1,10.0
1.0,2,9.34732303734,1.0,0.4,1.0,9.0,10.0,1,10.0
1.0,2,3.76836596734,1.0,3.76,1.0,10.0,10.0,1,9.0
1.0,2,2.00339318899,1.0,0.48,1.0,9.0,10.0,2,10.0
1.0,4,2.76093462353,2.0,0.44,1.0,10.0,10.0,2,10.0
1.0,3,0.901741811809,2.0,0.55,2.0,9.0,9.0,2,9.0
1.0,2,3.81491535053,1.0,0.75,1.0,9.0,9.0,1,10.0
1.0,2,0.642382418797,1.0,2.0,1.0,10.0,9.0,2,10.0
1.0,1,1.47235038587,1.0,5.62,1.0,9.0,10.0,1,10.0
1.0,2,2.15851131671,1.0,0.28,1.0,10.0,10.0,1,10.0
1.0,4,0.487156348901,4.0,1.4,0.0,8.0,8.0,2,8.0
1.0,2,1.70527715862,1.0,1.08,1.0,10.0,10.0,1,10.0
1.5,4,4.01066899232,2.0,0.12,2.0,9.0,5.0,2,9.0
1.0,2,2.91156666753,1.0,0.48,1.0,9.0,10.0,1,10.0
1.0,2,0.502294733819,2.0,0.0,1.0,0.0,0.0,1,0.0
1.0,4,2.88864129723,2.0,0.79,1.0,10.0,10.0,2,10.0
1.5,4,0.453251887327,1.0,0.81,1.0,9.0,10.0,2,10.0
1.0,2,1.9347188375,1.0,1.0,1.0,0.0,0.0,1,0.0
1.0,4,1.98649793195,2.0,0.51,1.0,7.0,8.0,2,9.0
1.0,3,3.53952639561,2.0,0.67,1.0,10.0,10.0,3,10.0
1.0,4,3.93370379333,2.0,2.0,2.0,10.0,9.0,1,10.0
1.0,2,2.79719983323,1.0,0.93,1.0,9.0,10.0,1,10.0
1.0,2,2.12324038912,1.0,1.25,1.0,10.0,9.0,1,10.0
1.0,4,0.256528639399,2.0,0.39,2.0,10.0,10.0,1,10.0
1.0,4,1.5657827053,2.0,0.71,1.0,9.0,10.0,2,10.0
1.0,2,1.19974136278,2.0,6.27,1.0,10.0,10.0,1,10.0
1.0,4,3.44512520712,2.0,1.46,1.0,10.0,10.0,2,10.0
1.0,2,1.42256976319,1.0,0.84,1.0,9.0,9.0,1,9.0
1.0,3,2.46952867175,2.0,0.0,2.0,0.0,0.0,2,0.0
1.0,4,0.926636462611,2.0,0.71,1.0,8.0,10.0,6,10.0
1.0,2,2.23227865796,1.0,0.46,1.0,0.0,0.0,1,0.0
1.0,3,0.691204382729,1.0,1.47,1.0,10.0,10.0,2,10.0
1.0,2,3.21930548061,1.0,0.0,1.0,0.0,0.0,1,0.0
1.5,4,5.60495359256,2.0,1.75,0.0,7.0,9.0,2,8.0
1.0,4,1.92575701767,4.0,1.71,2.0,9.0,10.0,2,9.0
1.0,2,1.15748235356,1.0,0.91,1.0,10.0,10.0,1,10.0
1.0,2,2.2617776512,1.0,0.34,1.0,10.0,10.0,1,10.0
1.0,2,3.67064447532,1.0,0.0,1.0,0.0,0.0,1,0.0
2.5,2,1.65316259108,1.0,0.74,1.0,2.0,8.0,1,8.0
1.0,2,2.29094088819,1.0,0.99,1.0,10.0,10.0,1,10.0
1.0,2,1.93025758119,1.0,0.25,1.0,10.0,10.0,1,10.0
1.0,2,2.30552254635,1.0,4.21,1.0,10.0,10.0,2,10.0
1.0,4,1.91207694937,2.0,3.31,1.0,9.0,10.0,2,10.0
1.0,2,1.44823479443,1.0,2.58,1.0,10.0,10.0,1,10.0
1.5,5,0.216653005046,3.0,0.0,2.0,0.0,0.0,1,0.0
1.0,4,4.68376096499,5.0,0.0,2.0,0.0,0.0,1,0.0
1.0,2,2.24661726192,2.0,2.0,1.0,9.0,10.0,1,10.0
1.0,4,0.994607487752,3.0,2.91,2.0,10.0,10.0,1,10.0
1.5,4,3.90102018282,4.0,0.37,3.0,9.0,10.0,1,10.0
1.0,2,1.0713150294,1.0,0.0,1.0,0.0,0.0,1,0.0
1.0,4,1.98128273866,3.0,0.0,1.0,0.0,0.0,2,0.0
1.0,2,2.9943783751,1.0,0.7,1.0,10.0,10.0,1,10.0
1.0,2,1.52288006941,1.0,0.0,1.0,0.0,0.0,1,0.0
1.0,2,1.31159913228,1.0,1.91,1.0,10.0,10.0,1,10.0
1.0,2,1.11228184924,2.0,1.83,1.0,9.0,9.0,0,10.0
1.0,4,1.83887391817,2.0,3.29,1.0,10.0,9.0,2,9.0
1.0,5,2.31966964913,4.0,1.69,2.0,9.0,9.0,4,9.0
1.0,2,2.30532115888,1.0,3.02,1.0,9.0,10.0,1,10.0
1.5,4,1.95059374629,2.0,0.05,2.0,8.0,6.0,2,8.0
1.0,2,2.05733058876,2.0,1.06,1.0,10.0,10.0,2,10.0
1.0,2,4.21841252548,1.0,0.0,1.0,0.0,0.0,1,0.0
1.0,4,0.506644052053,2.0,0.18,1.0,6.0,6.0,2,8.0
0.5,2,1.42636629474,1.0,0.0,0.0,0.0,0.0,1,0.0
1.0,4,5.52844328555,2.0,0.09,2.0,8.0,10.0,1,10.0
1.0,2,2.52717880202,1.0,0.0,1.0,0.0,0.0,1,0.0
1.5,2,2.41593772503,1.0,6.19,1.0,10.0,10.0,1,10.0
1.0,2,2.47874545943,1.0,2.0,1.0,9.0,10.0,1,10.0
1.0,2,2.89859138067,1.0,0.32,1.0,10.0,10.0,1,10.0
1.0,2,2.19388269245,1.0,0.36,1.0,10.0,10.0,1,10.0
1.0,4,0.82196797475,2.0,0.0,1.0,0.0,0.0,1,0.0
1.0,4,1.51617099017,3.0,0.27,3.0,9.0,9.0,1,9.0
1.0,2,2.65226011474,1.0,0.0,1.0,0.0,0.0,1,0.0
1.0,2,3.52290328357,1.0,0.86,1.0,8.0,7.0,1,8.0
1.0,2,0.555983392541,1.0,3.6,1.0,6.0,7.0,2,8.0
1.0,2,3.72279681152,1.0,0.66,1.0,9.0,10.0,1,10.0
2.0,4,1.3078682119,3.0,0.74,2.0,9.0,10.0,2,10.0
1.5,2,1.64329242356,2.0,0.49,1.0,9.0,10.0,2,10.0
1.0,2,6.0250405145,1.0,0.0,1.0,0.0,0.0,1,0.0
1.0,2,1.39274617177,2.0,0.16,1.0,8.0,10.0,1,10.0
1.0,5,2.78146171468,4.0,0.5,3.0,9.0,9.0,2,10.0
1.0,3,0.84056258788,1.0,0.49,2.0,10.0,9.0,1,10.0
1.0,4,3.07208250415,2.0,1.23,1.0,10.0,10.0,2,10.0
2.0,4,0.613222854968,2.0,2.65,2.0,9.0,9.0,1,9.0
1.0,2,0.334956851305,1.0,0.52,1.0,10.0,9.0,1,10.0
1.0,2,8.50795972498,1.0,0.14,1.0,0.0,0.0,1,0.0
1.0,2,2.95658867447,1.0,5.63,1.0,8.0,9.0,1,9.0
1.0,1,0.370473815127,1.0,3.75,1.0,10.0,10.0,1,10.0
1.0,2,0.291766909845,1.0,2.03,0.0,8.0,9.0,1,9.0
1.0,2,3.92549286392,1.0,2.72,1.0,10.0,10.0,1,9.0
1.0,4,1.41002852426,1.0,0.38,0.0,9.0,10.0,2,10.0
0.0,1,2.42414922569,1.0,0.13,1.0,8.0,9.0,1,10.0
1.5,2,1.60596024902,2.0,1.0,1.0,10.0,10.0,2,10.0
1.0,4,1.952915178,2.0,4.09,2.0,9.0,10.0,2,10.0
1.0,2,1.15908901785,2.0,4.87,0.0,10.0,10.0,1,10.0
1.0,2,2.08586751746,1.0,0.66,0.0,8.0,10.0,1,10.0
1.0,4,1.63358989345,4.0,1.0,2.0,10.0,10.0,1,10.0
1.0,3,2.10211992669,3.0,0.52,2.0,10.0,10.0,0,10.0
1.0,2,3.32855298327,3.0,1.5,0.0,10.0,10.0,2,10.0
1.0,4,1.96282975399,1.0,0.0,1.0,0.0,0.0,1,0.0
1.0,4,2.88410673566,2.0,0.0,2.0,0.0,0.0,1,0.0
1.0,5,0.464784578739,3.0,1.59,1.0,9.0,10.0,2,10.0
1.0,2,2.71314050734,1.0,1.2,2.0,9.0,10.0,1,10.0
1.0,4,1.8827645138,2.0,0.53,2.0,8.0,9.0,2,9.0
1.0,3,1.69227322053,2.0,0.0,2.0,0.0,0.0,1,0.0
1.0,2,2.90118120307,2.0,3.23,1.0,10.0,10.0,1,10.0
1.0,2,2.79611723609,1.0,0.15,1.0,9.0,9.0,1,10.0
2.0,3,4.11451446362,1.0,1.63,1.0,7.0,9.0,2,9.0
1.0,3,1.10962815052,1.0,0.0,1.0,0.0,0.0,1,0.0
1.0,2,3.14856775747,1.0,0.0,1.0,0.0,0.0,1,0.0
1.5,2,2.01737193255,1.0,0.39,1.0,9.0,10.0,1,10.0
1.0,4,8.46389396045,2.0,3.42,1.0,10.0,10.0,2,10.0
1.5,5,6.774581935,2.0,0.0,2.0,0.0,0.0,3,0.0
1.0,2,1.08801621726,1.0,0.03,1.0,0.0,0.0,1,0.0
1.0,3,1.54907946984,2.0,0.0,2.0,0.0,0.0,1,0.0
1.0,2,1.68024976266,1.0,0.55,1.0,10.0,10.0,1,10.0
1.5,2,3.45078469621,1.0,1.12,1.0,10.0,10.0,1,10.0
1.0,2,0.285410330954,1.0,6.75,1.0,9.0,10.0,2,10.0
1.0,1,3.22300782407,1.0,0.0,1.0,0.0,0.0,1,0.0
1.0,2,2.21264552923,2.0,0.29,2.0,9.0,10.0,1,10.0
1.0,4,1.33935318429,5.0,1.74,2.0,9.0,10.0,2,10.0
1.0,2,1.29866348712,1.0,0.62,1.0,10.0,10.0,1,10.0
1.0,2,1.87484291778,1.0,0.65,1.0,9.0,10.0,1,10.0
1.0,4,1.50473979616,2.0,1.05,2.0,10.0,10.0,2,10.0
1.5,2,2.25622400291,1.0,1.03,1.0,7.0,10.0,1,10.0
1.0,2,2.08611796116,1.0,0.22,0.0,10.0,10.0,1,10.0
1.5,4,1.67913976596,4.0,1.05,2.0,10.0,10.0,2,10.0
1.5,4,2.81568834531,2.0,0.61,2.0,10.0,10.0,2,10.0
1.0,2,2.15417686443,1.0,1.12,1.0,9.0,10.0,2,10.0
1.0,2,1.25587738402,2.0,5.03,1.0,8.0,10.0,1,10.0
1.0,2,0.441069047508,1.0,1.91,1.0,10.0,10.0,1,10.0
1.0,4,1.32839560864,2.0,1.0,2.0,0.0,0.0,1,0.0
1.0,2,0.539122937444,1.0,1.24,1.0,9.0,9.0,1,9.0
1.0,4,2.53838359667,2.0,0.64,2.0,10.0,10.0,1,10.0
1.0,5,3.10325887011,2.0,0.09,2.0,10.0,10.0,1,10.0
1.5,2,0.264359141234,1.0,1.74,1.0,9.0,10.0,1,10.0
1.0,2,2.67079696971,1.0,2.63,1.0,9.0,10.0,1,10.0
2.5,4,4.25775722348,2.0,1.05,1.0,9.0,9.0,1,10.0
1.0,2,7.34697716287,1.0,7.24,1.0,9.0,10.0,1,10.0
1.0,4,2.72169670006,2.0,0.0,1.0,0.0,0.0,2,0.0
1.0,4,2.82167483218,2.0,1.1,2.0,10.0,10.0,2,10.0
1.0,3,1.51974689076,2.0,4.02,2.0,10.0,10.0,1,10.0
1.0,3,1.82031750455,2.0,0.74,2.0,10.0,9.0,2,9.0
1.0,2,1.97169936289,1.0,0.21,1.0,10.0,10.0,2,10.0
1.0,5,3.98671294258,5.0,0.43,2.0,10.0,10.0,4,10.0
1.0,2,9.29054997209,1.0,1.01,1.0,10.0,9.0,2,10.0
1.0,2,2.53110244761,1.0,0.0,1.0,0.0,0.0,1,0.0
1.0,2,3.08134952603,3.0,0.21,2.0,8.0,10.0,1,9.0
1.0,2,1.95111349853,2.0,0.0,1.0,0.0,0.0,1,0.0
1.0,4,2.05914483343,2.0,0.0,2.0,0.0,0.0,2,0.0
1.0,2,3.94874687978,1.0,0.0,1.0,0.0,0.0,1,0.0
1.5,4,1.98900740941,6.0,0.25,3.0,10.0,10.0,1,10.0
1.0,1,3.35979406756,1.0,0.57,1.0,0.0,0.0,1,0.0
1.0,4,0.295985514286,4.0,0.0,2.0,0.0,0.0,1,0.0
1.0,4,4.25274563865,2.0,0.9,2.0,10.0,10.0,2,10.0
1.0,4,1.52325586873,3.0,2.0,1.0,7.0,9.0,2,9.0
1.0,2,2.91111373832,1.0,1.05,1.0,9.0,9.0,2,9.0
1.0,2,2.59702186689,1.0,0.49,1.0,10.0,10.0,1,10.0
1.0,1,3.88685361802,1.0,1.41,0.0,9.0,9.0,1,10.0
1.0,2,2.89591917843,1.0,2.3,1.0,10.0,10.0,1,10.0
1.0,3,2.76016843784,1.0,1.17,1.0,9.0,9.0,1,10.0
1.0,4,6.26668721388,3.0,0.62,2.0,8.0,10.0,3,7.0
1.0,2,2.00218471899,1.0,0.82,1.0,9.0,9.0,1,10.0
1.0,3,2.98995212663,2.0,2.86,2.0,10.0,10.0,2,10.0
1.0,4,3.11495518794,2.0,0.13,1.0,10.0,10.0,1,10.0
1.0,2,3.01125716725,2.0,0.14,1.0,0.0,0.0,1,0.0
1.0,2,2.2397829883,1.0,0.57,1.0,10.0,9.0,1,10.0
1.0,3,2.55497225774,2.0,2.76,1.0,10.0,10.0,2,10.0
1.0,2,3.2084767615,2.0,0.0,1.0,0.0,0.0,0,0.0
1.0,4,5.24098221196,2.0,0.46,2.0,10.0,10.0,1,10.0
1.0,2,4.07470489032,1.0,3.16,1.0,9.0,10.0,0,10.0
1.5,3,2.15497213566,2.0,0.34,2.0,6.0,8.0,1,10.0
1.0,4,2.65933182436,3.0,0.16,2.0,10.0,10.0,1,10.0
1.0,2,2.39025643422,1.0,0.0,1.0,0.0,0.0,1,0.0
1.0,2,3.27678865792,1.0,0.21,1.0,8.0,10.0,1,9.0
1.0,1,2.61494509911,1.0,0.31,1.0,9.0,9.0,1,9.0
1.0,2,0.43463379004,1.0,0.62,1.0,9.0,9.0,1,10.0
1.0,2,2.75997833072,1.0,0.82,1.0,10.0,10.0,1,10.0
1.5,3,2.59055877454,2.0,0.89,1.0,10.0,10.0,1,10.0
1.0,4,0.373583473692,2.0,1.7,1.0,8.0,9.0,2,9.0
1.0,6,2.44925846855,6.0,0.0,1.0,0.0,0.0,2,0.0
1.5,3,3.27091633536,1.0,1.03,1.0,10.0,10.0,2,10.0
1.0,6,1.02904656474,3.0,3.95,1.0,10.0,10.0,2,10.0
1.0,2,1.27379140726,1.0,0.83,1.0,10.0,10.0,1,10.0
1.0,2,3.12164750503,1.0,0.0,1.0,0.0,0.0,1,0.0
1.0,2,2.87693481787,1.0,3.75,1.0,10.0,10.0,1,10.0
1.0,1,2.75614127533,1.0,0.09,1.0,10.0,10.0,1,10.0
1.0,4,2.06774435148,2.0,0.0,2.0,0.0,0.0,4,0.0
1.0,2,4.38462755598,1.0,0.0,0.0,0.0,0.0,1,0.0
1.0,2,1.20447177786,1.0,0.0,1.0,0.0,0.0,1,0.0
1.0,2,1.88126846081,2.0,0.08,1.0,10.0,10.0,1,10.0
1.0,4,3.92090853682,4.0,1.0,2.0,10.0,10.0,1,10.0
1.0,2,2.228680908,1.0,1.43,1.0,9.0,9.0,2,10.0
1.0,2,1.87610664968,1.0,0.79,1.0,8.0,8.0,1,9.0
1.0,2,2.93943451764,1.0,0.0,1.0,0.0,0.0,1,0.0
1.0,3,1.52465976538,2.0,1.07,2.0,10.0,9.0,2,9.0
1.0,3,1.74101969336,1.0,1.94,1.0,10.0,10.0,2,10.0
1.0,1,5.43811927988,1.0,1.48,1.0,9.0,9.0,1,9.0
2.0,6,3.14542047193,5.0,0.0,4.0,0.0,0.0,4,0.0
1.0,2,0.746779761972,1.0,3.1,1.0,10.0,10.0,1,10.0
1.0,2,2.54860725593,1.0,0.0,1.0,0.0,0.0,1,0.0
1.0,2,2.10193108782,1.0,1.91,0.0,9.0,10.0,1,10.0
1.0,2,1.737687824,1.0,0.41,1.0,9.0,10.0,2,10.0
1.0,2,0.606748904787,1.0,2.48,0.0,9.0,10.0,2,10.0
1.0,2,2.35378230943,1.0,0.46,1.0,10.0,10.0,0,10.0
1.0,3,2.49651072401,2.0,5.18,1.0,9.0,10.0,1,10.0
1.0,2,0.0998522320728,1.0,4.8,1.0,9.0,10.0,0,10.0
1.5,4,3.02960764348,2.0,0.0,2.0,0.0,0.0,4,0.0
1.0,2,3.31211208483,1.0,3.73,0.0,10.0,9.0,1,9.0
1.0,3,1.70408690219,2.0,0.42,2.0,10.0,9.0,3,10.0
1.0,2,1.65316478015,1.0,1.0,1.0,4.0,10.0,1,10.0
1.5,4,1.56109574954,2.0,1.8,2.0,7.0,10.0,4,10.0
1.0,2,4.19948867381,1.0,3.19,0.0,10.0,9.0,1,9.0
1.0,3,0.641805167724,2.0,0.52,1.0,10.0,10.0,2,10.0
1.0,2,3.19606387136,2.0,1.46,1.0,4.0,10.0,1,10.0
1.0,3,0.511546794154,2.0,2.14,1.0,10.0,10.0,2,10.0
1.0,4,7.61568851365,3.0,0.0,2.0,0.0,0.0,1,0.0
1.0,4,2.59630977133,2.0,2.0,1.0,10.0,10.0,2,10.0
1.0,3,6.94213026526,1.0,11.5,1.0,9.0,9.0,2,9.0
1.5,2,2.61275365355,1.0,0.19,1.0,10.0,9.0,0,9.0
1.0,2,2.28836831513,1.0,0.0,1.0,0.0,0.0,1,0.0
1.0,4,1.73836677258,2.0,0.82,2.0,10.0,10.0,2,10.0
1.0,2,7.7177998154,1.0,0.0,1.0,0.0,0.0,0,0.0
1.5,6,3.44695140207,2.0,1.8,1.0,7.0,8.0,2,8.0
1.0,2,3.25283588606,1.0,1.21,1.0,9.0,9.0,1,10.0
1.0,2,3.75682320139,1.0,1.15,1.0,10.0,10.0,0,10.0
1.0,2,2.14284478849,1.0,0.0,1.0,0.0,0.0,1,0.0
1.0,2,2.99925344964,1.0,0.22,1.0,9.0,10.0,1,10.0
1.0,2,3.51023723032,1.0,0.0,1.0,0.0,0.0,1,0.0
1.0,2,2.26912390955,1.0,4.79,1.0,10.0,10.0,1,10.0
1.5,4,2.68608052781,5.0,0.98,2.0,10.0,10.0,4,10.0
0.5,4,2.06478016382,2.0,2.3,1.0,9.0,10.0,2,10.0
1.0,3,2.87797837203,2.0,3.12,1.0,7.0,9.0,1,9.0
1.0,4,3.29940563341,2.0,1.8,0.0,10.0,10.0,4,10.0
1.0,4,0.807468206651,2.0,0.33,2.0,10.0,9.0,1,9.0
1.5,2,2.51845936751,1.0,4.29,1.0,10.0,10.0,1,10.0
1.0,2,1.33768821617,1.0,0.69,1.0,10.0,10.0,1,10.0
1.0,3,1.901624314,2.0,2.39,1.0,9.0,9.0,1,10.0
1.5,5,3.32762790963,4.0,0.11,4.0,10.0,10.0,4,10.0
1.0,2,2.7973536404,1.0,0.48,1.0,8.0,10.0,1,9.0
1.0,2,1.11850073186,1.0,0.57,1.0,10.0,10.0,1,10.0
1.0,2,3.52878686079,1.0,2.41,1.0,10.0,9.0,1,10.0
1.0,2,1.82449576982,1.0,1.0,1.0,8.0,8.0,1,10.0
1.5,6,4.19283125978,5.0,0.65,3.0,8.0,9.0,2,10.0
1.0,4,3.11594489163,2.0,0.43,2.0,10.0,10.0,3,10.0
1.0,2,2.89355126892,1.0,0.49,1.0,9.0,10.0,1,10.0
1.0,4,5.04918935306,2.0,0.16,1.0,6.0,10.0,1,10.0
1.0,6,3.52160651816,4.0,1.18,1.0,10.0,10.0,2,10.0
1.0,2,1.96017128862,1.0,0.5,0.0,9.0,9.0,1,9.0
1.0,2,0.632095784517,1.0,0.0,0.0,0.0,0.0,1,0.0
1.0,2,2.45980547296,1.0,0.2,1.0,10.0,9.0,1,9.0
0.0,3,1.86011343798,1.0,5.22,1.0,9.0,10.0,3,10.0
1.0,2,2.10769615517,1.0,0.49,0.0,10.0,10.0,1,10.0
1.0,2,3.12469596822,1.0,2.07,1.0,10.0,10.0,1,10.0
1.0,2,1.2959170485,1.0,0.22,1.0,10.0,10.0,1,10.0
2.0,2,4.98316133019,1.0,2.16,1.0,9.0,10.0,1,10.0
1.0,4,2.96814144578,2.0,0.17,2.0,10.0,10.0,1,10.0
1.0,2,1.74902440186,1.0,1.91,1.0,10.0,10.0,1,10.0
1.0,3,2.0184790515,2.0,1.79,2.0,9.0,9.0,3,10.0
1.0,2,3.2221416466,1.0,3.29,1.0,9.0,10.0,1,10.0
1.0,4,3.93401668709,2.0,1.22,1.0,9.0,10.0,2,9.0
1.0,2,2.71928785137,1.0,0.46,1.0,8.0,10.0,1,10.0
1.0,3,1.76722362531,2.0,1.2,1.0,8.0,9.0,1,10.0
1.0,4,0.910582917636,3.0,0.44,1.0,9.0,10.0,4,10.0
1.5,6,3.23220480611,4.0,0.11,3.0,10.0,10.0,3,10.0
1.0,2,1.64411553529,2.0,0.19,1.0,10.0,10.0,1,10.0
0.0,4,7.58389268032,4.0,0.16,1.0,10.0,10.0,2,10.0
1.0,2,0.489974599103,1.0,1.42,1.0,9.0,6.0,1,6.0
0.5,4,0.314167474263,2.0,0.0,2.0,0.0,0.0,1,0.0
1.0,4,2.82251114013,2.0,0.66,2.0,10.0,10.0,2,10.0
1.0,2,1.89249985688,1.0,0.86,1.0,10.0,10.0,1,10.0
1.0,2,3.34792482577,1.0,4.21,1.0,9.0,10.0,1,10.0
1.0,2,0.222437795502,2.0,3.85,1.0,9.0,10.0,1,10.0
1.0,2,2.15216930071,1.0,1.41,1.0,9.0,9.0,1,9.0
1.0,2,1.89496130307,1.0,1.31,1.0,10.0,10.0,2,10.0
1.0,3,3.58600324255,2.0,0.26,2.0,4.0,8.0,2,6.0
1.0,2,2.26892748517,1.0,0.93,1.0,10.0,10.0,1,10.0
1.0,3,0.429262132751,2.0,2.62,0.0,9.0,10.0,2,10.0
1.0,2,1.57338973639,1.0,0.53,1.0,10.0,10.0,1,10.0
1.0,2,0.65887916194,1.0,0.0,1.0,0.0,0.0,1,0.0
1.0,2,1.19692200253,1.0,0.0,1.0,0.0,0.0,0,0.0
1.0,5,3.83759956644,4.0,0.44,3.0,10.0,10.0,1,10.0
1.0,4,1.38639820386,4.0,0.0,1.0,0.0,0.0,1,0.0
1.0,3,0.324982410198,2.0,0.61,0.0,7.0,8.0,2,9.0
1.0,2,3.9091195307,1.0,0.14,1.0,10.0,10.0,1,10.0
1.0,2,3.78691626674,1.0,0.0,1.0,0.0,0.0,1,0.0
2.0,5,0.93908700705,2.0,1.0,2.0,0.0,0.0,2,0.0
1.0,2,6.75894783034,1.0,0.0,1.0,0.0,0.0,1,0.0
1.0,2,3.05011001293,1.0,0.0,1.0,0.0,0.0,1,0.0
1.0,2,4.81428865331,1.0,0.18,1.0,10.0,10.0,1,10.0
1.0,2,0.284785071592,1.0,0.74,1.0,10.0,10.0,1,10.0
1.0,2,3.31531526161,1.0,0.38,0.0,10.0,10.0,1,9.0
1.0,2,1.85668893041,1.0,0.0,1.0,0.0,0.0,1,0.0
1.0,2,3.58550822111,1.0,4.14,1.0,10.0,10.0,1,10.0
1.0,2,2.77425266266,1.0,1.57,1.0,10.0,10.0,2,10.0
1.0,4,2.23168462025,2.0,0.66,2.0,10.0,9.0,2,9.0
1.0,4,2.84583073605,3.0,0.73,2.0,9.0,10.0,2,10.0
1.0,1,1.95132681322,1.0,0.53,1.0,10.0,10.0,1,9.0
1.0,2,2.7302831972,1.0,0.25,1.0,6.0,8.0,1,8.0
1.0,3,2.74664248971,2.0,0.0,1.0,0.0,0.0,1,0.0
1.5,4,3.04240449769,2.0,0.0,2.0,0.0,0.0,2,0.0
1.0,2,1.44936914765,1.0,3.49,1.0,10.0,10.0,1,10.0
1.0,2,2.33579242548,1.0,0.87,0.0,10.0,10.0,2,10.0
1.0,2,2.67156160142,1.0,0.42,1.0,10.0,10.0,2,10.0
1.0,4,1.42403930581,2.0,0.22,2.0,10.0,9.0,4,9.0
1.0,3,3.04222307462,2.0,3.55,0.0,9.0,10.0,1,10.0
1.0,2,1.76395684222,1.0,0.52,0.0,10.0,10.0,1,10.0
1.0,4,2.00383280185,2.0,1.14,2.0,7.0,9.0,4,10.0
2.0,2,2.0544422422,1.0,0.17,1.0,10.0,8.0,1,10.0
1.0,4,2.50400107363,2.0,1.56,1.0,8.0,9.0,2,10.0
2.0,5,2.00162732009,5.0,1.19,4.0,9.0,10.0,4,10.0
1.0,1,3.52162710618,1.0,2.7,1.0,9.0,10.0,1,9.0
1.0,4,3.32033761993,2.0,0.0,2.0,0.0,0.0,1,0.0
1.5,4,1.15197559154,4.0,3.0,2.0,10.0,9.0,1,10.0
1.0,4,2.00351698664,2.0,0.74,1.0,8.0,10.0,3,10.0
1.0,4,3.71918353768,4.0,0.0,1.0,0.0,0.0,2,0.0
1.0,2,1.532090495,1.0,0.55,1.0,10.0,9.0,0,8.0
1.5,5,3.66026220324,5.0,0.17,3.0,10.0,10.0,4,10.0
1.0,2,1.77931833685,1.0,0.36,1.0,10.0,8.0,1,9.0
2.0,2,2.79657364949,1.0,0.0,1.0,0.0,0.0,1,0.0
1.0,3,3.16168200736,2.0,0.0,2.0,0.0,0.0,1,0.0
1.0,3,2.68881817961,2.0,1.14,1.0,10.0,9.0,2,10.0
1.0,2,3.72491764184,1.0,0.38,1.0,9.0,10.0,1,9.0
1.0,2,3.6820652298,1.0,0.75,1.0,10.0,10.0,1,10.0
1.5,3,3.1723367005,2.0,0.38,2.0,10.0,10.0,1,10.0
1.0,2,1.90213343986,1.0,0.3,1.0,10.0,10.0,0,10.0
1.0,2,2.55236599385,1.0,0.53,1.0,10.0,10.0,1,9.0
1.0,2,1.47101096006,1.0,0.16,1.0,10.0,10.0,1,10.0
1.0,3,4.07142589855,2.0,4.0,1.0,10.0,10.0,1,10.0
1.0,4,3.79297586045,2.0,1.0,2.0,10.0,10.0,3,10.0
1.0,3,2.71646091812,2.0,0.71,1.0,10.0,10.0,2,10.0
1.0,4,2.59661108416,2.0,1.15,2.0,9.0,10.0,2,10.0
1.5,4,0.894478883705,2.0,0.76,1.0,9.0,10.0,2,10.0
1.0,3,2.62817975125,1.0,1.98,1.0,10.0,10.0,2,10.0
1.0,2,2.91303977195,1.0,2.27,1.0,10.0,10.0,1,10.0
1.0,2,1.86956424708,1.0,0.48,1.0,9.0,10.0,1,10.0
1.0,4,9.93323139525,3.0,5.0,2.0,9.0,9.0,1,10.0
1.5,2,3.33610638792,1.0,1.14,1.0,10.0,10.0,1,10.0
1.0,2,7.96871840781,1.0,4.51,1.0,9.0,10.0,1,10.0
1.0,2,1.31256129269,1.0,0.78,1.0,10.0,10.0,2,10.0
1.0,2,3.32506416546,1.0,0.0,1.0,0.0,0.0,1,0.0
1.0,3,1.67136909263,3.0,0.9,1.0,9.0,9.0,2,9.0
1.0,2,3.60371961782,2.0,0.32,1.0,9.0,10.0,1,10.0
1.5,4,4.84466565082,2.0,2.0,2.0,10.0,10.0,1,10.0
1.0,3,2.23034906624,2.0,6.0,2.0,10.0,10.0,1,10.0
1.0,2,1.22532448356,1.0,0.41,1.0,10.0,10.0,1,10.0
1.0,2,1.64542074082,1.0,0.0,1.0,0.0,0.0,1,0.0
1.5,4,2.41943246078,2.0,0.0,2.0,0.0,0.0,4,0.0
1.0,4,1.09836609425,4.0,1.98,1.0,9.0,10.0,2,10.0
1.5,2,1.92114982591,1.0,0.04,2.0,10.0,10.0,2,10.0
1.0,2,1.51563503055,1.0,0.0,1.0,0.0,0.0,1,0.0
1.0,1,0.78286763767,1.0,0.0,1.0,0.0,0.0,1,0.0
1.0,4,1.58005039258,2.0,4.0,2.0,9.0,10.0,1,10.0
1.5,2,1.54751313661,1.0,1.54,1.0,10.0,10.0,2,10.0
1.5,5,2.84276825466,3.0,0.62,1.0,7.0,9.0,2,9.0
1.0,2,1.83798647379,1.0,0.24,1.0,9.0,10.0,2,10.0
1.0,2,3.64699583743,1.0,0.11,1.0,10.0,10.0,1,10.0
1.0,2,1.99676897573,1.0,1.01,1.0,9.0,9.0,1,10.0
1.0,2,3.25255536366,1.0,1.68,1.0,10.0,10.0,1,10.0
1.0,2,0.766129657159,2.0,2.82,1.0,10.0,10.0,1,10.0
1.0,2,1.40407287633,1.0,0.6,1.0,10.0,10.0,1,10.0
1.0,2,0.644364322776,1.0,1.0,1.0,10.0,10.0,1,10.0
1.0,2,2.10651612342,1.0,4.46,1.0,10.0,10.0,1,10.0
1.0,4,1.96759495654,2.0,2.0,2.0,9.0,10.0,3,10.0
1.0,2,2.72757059278,1.0,1.12,1.0,9.0,10.0,1,9.0
1.0,4,1.13765994533,2.0,0.18,2.0,8.0,9.0,4,10.0
1.0,2,1.88508233234,1.0,1.0,0.0,10.0,10.0,1,10.0
1.0,4,3.01632280474,2.0,0.38,2.0,8.0,8.0,1,10.0
1.0,4,1.56793182802,2.0,2.81,2.0,10.0,10.0,1,10.0
1.0,4,2.87200191015,2.0,2.27,1.0,9.0,9.0,1,10.0
1.0,2,2.19049405678,1.0,0.0,1.0,0.0,0.0,2,0.0
1.0,1,2.20724604197,1.0,0.16,1.0,10.0,10.0,1,10.0
1.0,4,2.9414721353,2.0,0.14,1.0,8.0,10.0,1,8.0
1.0,2,7.38463561375,1.0,0.12,1.0,10.0,10.0,2,10.0
1.0,4,2.25175408001,2.0,0.0,1.0,0.0,0.0,1,0.0
1.0,2,2.63156193742,1.0,4.65,1.0,10.0,10.0,1,10.0
2.0,2,0.627882350399,1.0,0.42,1.0,10.0,9.0,1,9.0
1.0,2,0.522981883622,1.0,1.0,1.0,10.0,10.0,1,10.0
1.0,2,2.74579401353,1.0,0.51,1.0,7.0,8.0,1,8.0
1.0,3,2.65735194053,2.0,1.8,1.0,9.0,10.0,2,10.0
1.0,4,1.62977711805,2.0,0.72,2.0,9.0,9.0,3,10.0
1.0,2,0.536601618759,2.0,1.91,1.0,10.0,10.0,1,10.0
1.0,2,1.11947333778,2.0,4.14,0.0,10.0,10.0,2,10.0
1.0,2,2.55197211402,1.0,0.3,1.0,10.0,10.0,1,10.0
1.0,4,2.31438206677,2.0,0.48,1.0,8.0,10.0,2,10.0
1.0,2,1.06450913451,1.0,0.93,1.0,10.0,10.0,1,10.0
1.0,2,2.6816892442,1.0,0.39,1.0,10.0,10.0,1,10.0
1.0,6,2.20276075536,2.0,0.92,2.0,10.0,10.0,4,10.0
1.0,2,3.02976830401,1.0,3.47,1.0,10.0,10.0,1,10.0
1.5,2,4.41213715117,1.0,1.41,1.0,9.0,9.0,1,9.0
1.0,2,2.70820342655,1.0,1.15,1.0,10.0,10.0,0,9.0
1.0,2,3.23177699917,1.0,0.82,1.0,9.0,10.0,4,10.0
1.0,2,2.69127700964,1.0,1.14,1.0,10.0,10.0,1,10.0
1.0,3,2.96944514437,2.0,2.0,2.0,8.0,10.0,1,10.0
1.0,2,2.24169868507,1.0,0.1,2.0,8.0,8.0,1,6.0
1.0,2,4.84411320678,1.0,0.73,1.0,8.0,9.0,1,10.0
1.0,4,8.18945008641,6.0,0.0,3.0,0.0,0.0,1,0.0
1.0,2,2.16303026935,1.0,0.24,1.0,8.0,10.0,1,10.0
1.0,2,3.23359237744,2.0,0.77,1.0,10.0,10.0,2,9.0
1.0,2,1.22134371669,1.0,0.63,1.0,10.0,9.0,1,10.0
1.0,2,2.31954153666,1.0,1.15,1.0,10.0,10.0,1,10.0
1.0,2,2.99292617652,1.0,0.85,1.0,10.0,10.0,1,10.0
1.5,2,2.9580574746,1.0,0.0,1.0,0.0,0.0,1,0.0
1.0,1,1.3841592991,1.0,1.25,1.0,8.0,9.0,1,9.0
1.0,1,1.7276169192,1.0,1.58,0.0,9.0,10.0,1,10.0
2.0,2,2.82642174152,1.0,0.0,1.0,0.0,0.0,1,0.0
1.0,2,3.04427255161,1.0,0.35,1.0,9.0,10.0,1,10.0
1.0,2,2.46394991175,1.0,0.9,1.0,9.0,10.0,2,10.0
1.0,2,1.24637460728,2.0,3.09,1.0,10.0,10.0,1,10.0
1.0,2,4.29398519273,1.0,0.16,1.0,10.0,10.0,2,10.0
1.0,2,1.09885119317,1.0,0.73,1.0,9.0,10.0,1,10.0
1.0,2,2.72218924687,2.0,5.89,0.0,8.0,9.0,2,10.0
1.0,2,1.41877846583,1.0,0.0,1.0,0.0,0.0,1,0.0
1.0,2,1.51429392668,1.0,3.46,1.0,9.0,9.0,1,9.0
1.5,4,1.23187868783,2.0,0.51,2.0,8.0,10.0,2,10.0
1.0,2,1.90829694248,1.0,0.0,1.0,0.0,0.0,1,0.0
1.0,4,2.50639264407,3.0,0.0,2.0,0.0,0.0,2,0.0
1.0,4,2.53359151768,3.0,0.8,1.0,9.0,10.0,2,10.0
1.0,3,3.93222933121,1.0,0.18,1.0,10.0,10.0,1,10.0
1.0,2,2.86011934148,1.0,1.54,1.0,10.0,10.0,1,10.0
1.0,2,3.32715960023,2.0,0.13,1.0,10.0,10.0,1,10.0
1.0,2,3.18686698187,2.0,1.54,0.0,9.0,8.0,2,9.0
1.0,2,2.08496033892,1.0,0.14,1.0,9.0,8.0,2,10.0
1.0,2,2.00951173095,1.0,4.94,0.0,10.0,10.0,1,10.0
1.0,4,3.49432002422,2.0,0.62,1.0,9.0,10.0,3,10.0
1.0,2,2.9525919725,1.0,2.16,1.0,10.0,10.0,1,10.0
1.0,2,1.84876268999,1.0,2.76,1.0,9.0,9.0,2,9.0
1.0,3,1.15360890141,1.0,0.99,1.0,9.0,10.0,1,9.0
1.0,4,2.97158758392,2.0,0.42,1.0,7.0,9.0,3,9.0
1.0,2,0.877308182069,1.0,0.0,0.0,0.0,0.0,1,0.0
1.0,3,2.39429915634,1.0,0.98,1.0,10.0,10.0,1,9.0
1.0,2,3.87824424783,1.0,0.74,1.0,9.0,10.0,2,10.0
1.0,2,4.02926214044,1.0,2.09,1.0,10.0,10.0,1,10.0
1.0,2,4.51180899278,2.0,0.65,0.0,9.0,9.0,1,10.0
1.5,2,0.585577988158,1.0,4.0,1.0,10.0,10.0,1,10.0
1.0,2,3.83009586297,1.0,2.5,1.0,10.0,10.0,1,10.0
1.0,2,5.3539617201,1.0,2.36,1.0,10.0,10.0,1,10.0
1.0,4,1.87374180249,2.0,0.0,2.0,0.0,0.0,4,0.0
1.0,2,4.19629522058,1.0,0.0,1.0,0.0,0.0,1,0.0
1.0,2,1.40646133657,1.0,1.89,1.0,10.0,10.0,1,10.0
1.0,2,2.71102222514,1.0,0.31,1.0,10.0,10.0,1,10.0
1.5,2,2.25657243107,2.0,0.52,1.0,8.0,10.0,1,10.0
1.0,4,3.55869405127,2.0,0.16,2.0,10.0,0.0,1,10.0
1.0,2,2.94244634996,1.0,0.66,1.0,10.0,9.0,1,10.0
1.0,2,1.70065882738,1.0,0.31,1.0,10.0,10.0,1,10.0
1.0,3,1.21875252602,2.0,4.92,1.0,10.0,10.0,2,10.0
1.0,2,1.58830029253,1.0,0.5,1.0,9.0,9.0,1,9.0
1.0,2,3.29655965916,2.0,2.86,1.0,7.0,9.0,2,8.0
1.0,4,3.18489059479,4.0,1.41,1.0,8.0,10.0,4,9.0
1.5,2,2.5838031573,1.0,2.0,1.0,8.0,7.0,1,10.0
1.0,4,2.17378121197,3.0,0.63,2.0,9.0,9.0,1,9.0
1.0,2,2.24527823959,1.0,0.87,1.0,9.0,10.0,2,10.0
1.0,2,1.3746077989,1.0,0.24,1.0,9.0,9.0,1,9.0
1.0,1,1.87760098022,1.0,0.29,1.0,0.0,0.0,1,0.0
1.0,2,2.67521244932,1.0,0.2,1.0,10.0,9.0,1,10.0
1.0,2,1.94353260118,1.0,0.0,1.0,0.0,0.0,1,0.0
1.0,4,1.0154639804,3.0,0.34,2.0,9.0,10.0,4,10.0
1.0,2,1.47512405743,1.0,1.44,1.0,9.0,10.0,2,10.0
1.0,6,2.29353645201,4.0,1.36,2.0,10.0,10.0,4,10.0
1.0,4,1.91332889786,1.0,0.48,1.0,10.0,10.0,2,10.0
1.0,2,2.40144788468,1.0,0.43,1.0,10.0,10.0,0,10.0
1.5,2,1.34633394276,1.0,0.51,1.0,10.0,10.0,2,10.0
1.0,2,1.38377020979,1.0,0.82,1.0,10.0,10.0,1,10.0
0.5,3,1.89693674809,2.0,3.86,1.0,9.0,10.0,2,9.0
1.0,2,1.70753457825,1.0,0.99,1.0,10.0,10.0,1,10.0
1.0,4,1.84548757027,2.0,2.29,1.0,9.0,10.0,1,9.0
1.0,2,4.47947769879,1.0,2.24,1.0,8.0,9.0,1,10.0
1.0,2,2.4378020954,1.0,1.58,1.0,10.0,10.0,1,10.0
1.5,2,0.389849350531,1.0,0.0,1.0,0.0,0.0,0,0.0
1.0,4,4.75435488719,2.0,0.0,3.0,0.0,0.0,1,0.0
1.0,4,6.76345027619,4.0,3.38,0.0,10.0,10.0,1,10.0
1.0,4,2.62046456269,3.0,0.5,2.0,10.0,10.0,1,10.0
1.0,2,2.10767367465,1.0,0.0,1.0,0.0,0.0,1,0.0
1.0,4,5.16521062579,4.0,0.53,1.0,9.0,10.0,2,10.0
1.0,3,2.12097105378,1.0,5.49,1.0,10.0,10.0,2,10.0
1.0,2,2.53890589991,1.0,0.11,1.0,10.0,10.0,1,10.0
1.0,3,1.72761333324,1.0,1.91,1.0,9.0,9.0,2,9.0
1.0,2,2.98094318176,1.0,0.23,1.0,9.0,9.0,2,10.0
1.0,2,3.29601670659,1.0,0.83,0.0,10.0,9.0,1,9.0
1.0,2,2.54258561424,1.0,0.15,1.0,9.0,10.0,1,10.0
1.0,4,4.11920604891,4.0,0.41,2.0,10.0,10.0,1,10.0
1.0,4,3.53669668329,4.0,0.0,2.0,0.0,0.0,1,0.0
1.0,1,2.9816941519,1.0,1.61,1.0,0.0,0.0,1,0.0
1.0,2,2.29010652693,1.0,0.13,1.0,10.0,10.0,1,10.0
1.0,2,2.93182383477,1.0,0.0,1.0,0.0,0.0,1,0.0
1.0,2,2.57493690701,1.0,0.0,1.0,0.0,0.0,1,0.0
1.0,2,2.75087038987,2.0,0.14,1.0,10.0,10.0,1,10.0
1.0,3,3.0950876915,2.0,0.99,2.0,10.0,10.0,2,10.0
1.0,2,0.40457850808,1.0,0.0,1.0,0.0,0.0,1,0.0
1.5,2,1.78058771363,2.0,0.14,1.0,9.0,9.0,2,9.0
1.0,2,3.61956928231,1.0,0.0,1.0,0.0,0.0,1,0.0
1.0,4,4.13323141121,2.0,1.75,1.0,9.0,10.0,2,10.0
1.0,4,3.56277480575,2.0,0.3,1.0,9.0,10.0,2,10.0
1.0,4,1.41351051906,4.0,0.61,2.0,8.0,8.0,1,10.0
1.0,2,1.2712925906,1.0,0.91,1.0,9.0,10.0,1,10.0
1.5,2,1.19971042273,1.0,1.28,1.0,10.0,10.0,1,10.0
1.0,4,4.91011273744,4.0,0.81,2.0,9.0,10.0,2,10.0
1.0,6,3.92427900281,2.0,0.0,2.0,0.0,0.0,2,0.0
1.5,4,0.526294087724,1.0,0.64,1.0,10.0,10.0,2,10.0
1.0,2,1.94688520412,1.0,0.99,1.0,10.0,10.0,1,10.0
1.0,2,1.82024662974,1.0,1.42,1.0,10.0,10.0,1,10.0
1.0,2,0.785087310854,1.0,3.06,1.0,8.0,8.0,1,8.0
1.0,2,2.0113218347,2.0,0.51,1.0,10.0,10.0,1,10.0
1.0,2,1.71341577371,1.0,0.22,1.0,9.0,10.0,1,10.0
1.0,4,1.31895730726,3.0,0.06,2.0,10.0,10.0,4,10.0
1.0,2,0.821020521276,1.0,0.49,1.0,9.0,10.0,2,10.0
1.0,2,1.45338489142,1.0,0.22,1.0,10.0,10.0,1,10.0
1.0,2,2.71199239593,1.0,1.46,0.0,10.0,10.0,1,10.0
1.0,4,2.11664486505,2.0,0.25,2.0,8.0,10.0,1,10.0
1.5,4,1.21946457695,2.0,0.13,2.0,9.0,10.0,2,10.0
1.0,2,2.27318760796,1.0,1.47,1.0,9.0,10.0,0,10.0
1.0,2,2.65297413412,1.0,0.0,1.0,0.0,0.0,0,0.0
1.0,2,2.82037122204,1.0,1.68,1.0,9.0,10.0,1,10.0
1.0,2,2.82608332087,1.0,0.39,1.0,9.0,9.0,1,9.0
1.5,4,2.48824941176,4.0,0.0,2.0,0.0,0.0,2,0.0
1.0,4,6.25603030978,4.0,0.0,4.0,0.0,0.0,1,0.0
1.0,2,1.1617203415,1.0,1.82,1.0,9.0,10.0,1,9.0
1.0,4,4.79199519237,2.0,0.46,2.0,9.0,9.0,2,10.0
1.0,2,1.86980203525,1.0,1.96,1.0,9.0,8.0,1,8.0
1.0,2,1.18756442852,1.0,0.8,1.0,9.0,9.0,1,10.0
1.0,4,2.2340253004,3.0,1.8,2.0,10.0,10.0,1,10.0
1.0,2,2.90768591803,1.0,1.31,1.0,10.0,9.0,1,10.0
1.0,3,3.24089965841,3.0,0.14,2.0,9.0,9.0,1,9.0
1.0,2,2.22058897319,1.0,0.6,1.0,10.0,10.0,1,10.0
1.0,2,1.78098191667,1.0,0.0,1.0,0.0,0.0,1,0.0
1.0,2,1.7666195619,1.0,1.0,1.0,10.0,10.0,1,10.0
1.0,4,3.50732729332,2.0,1.52,1.0,9.0,10.0,2,10.0
1.0,4,2.82733727623,3.0,1.02,3.0,9.0,10.0,2,10.0
1.0,3,2.65385252868,2.0,1.72,1.0,10.0,10.0,2,9.0
1.0,2,1.27457752768,1.0,1.0,1.0,10.0,10.0,1,10.0
1.0,2,2.35536376472,1.0,0.54,1.0,10.0,9.0,1,10.0
1.5,2,7.35131974489,1.0,8.49,1.0,10.0,10.0,2,10.0
2.0,3,3.01191122561,3.0,0.75,2.0,9.0,10.0,2,10.0
1.5,5,6.95236308586,5.0,0.65,2.0,10.0,10.0,2,10.0
1.5,4,2.36189903968,2.0,0.23,1.0,10.0,9.0,1,10.0
1.0,2,3.31194974743,1.0,6.0,1.0,9.0,9.0,0,8.0
1.0,2,3.9148647527,1.0,0.16,1.0,9.0,10.0,1,10.0
1.0,4,1.70601193779,3.0,0.42,3.0,10.0,10.0,4,10.0
1.0,4,2.90740226556,2.0,0.32,1.0,8.0,10.0,2,10.0
1.5,5,7.1177707914,5.0,1.37,1.0,9.0,9.0,1,9.0
1.5,2,4.03456870069,1.0,0.67,1.0,10.0,10.0,1,10.0
1.0,2,3.03189219672,1.0,0.54,1.0,10.0,10.0,1,10.0
1.0,3,3.3321211619,3.0,0.85,3.0,9.0,10.0,1,10.0
1.5,3,1.21580653637,1.0,2.31,1.0,10.0,10.0,1,10.0
1.0,2,2.2601007546,1.0,1.43,1.0,10.0,9.0,1,10.0
1.0,2,1.0658904379,1.0,2.0,0.0,10.0,10.0,1,10.0
1.0,2,1.52867586702,1.0,3.0,1.0,9.0,10.0,1,9.0
1.0,2,3.18832925551,1.0,0.72,1.0,9.0,9.0,1,9.0
1.5,4,3.06312628001,3.0,0.46,2.0,9.0,10.0,4,10.0
1.0,2,1.68100046278,1.0,1.07,1.0,10.0,10.0,2,10.0
1.5,4,2.6031804441,2.0,1.0,1.0,8.0,10.0,3,10.0
1.0,3,2.94713520857,1.0,0.52,1.0,10.0,10.0,1,10.0
1.0,3,6.35408905791,2.0,1.0,2.0,0.0,0.0,1,0.0
1.5,2,1.21878273112,2.0,0.07,1.0,10.0,10.0,1,10.0
1.0,2,1.51551278983,1.0,2.0,1.0,10.0,9.0,1,9.0
1.5,4,3.73948338744,2.0,0.62,2.0,9.0,9.0,1,10.0
1.0,3,3.21380550054,3.0,0.32,2.0,10.0,10.0,1,10.0
1.5,2,2.49449060826,1.0,0.21,1.0,10.0,10.0,1,10.0
1.5,4,2.00724189033,3.0,3.83,2.0,8.0,9.0,2,9.0
1.0,4,1.93797652314,2.0,1.91,2.0,10.0,10.0,2,10.0
1.0,2,1.40528450746,1.0,1.41,1.0,9.0,10.0,2,10.0
1.0,4,6.81861182094,2.0,0.23,2.0,10.0,9.0,4,8.0
1.5,4,2.65475157875,2.0,1.14,2.0,10.0,10.0,1,10.0
1.0,4,2.4109079885,2.0,1.81,0.0,10.0,10.0,2,10.0
1.0,2,3.40602294973,1.0,0.61,1.0,10.0,10.0,1,10.0
1.0,2,0.929796475708,1.0,1.38,1.0,10.0,10.0,1,10.0
1.0,4,1.69416817255,4.0,0.26,2.0,10.0,10.0,1,10.0
1.0,2,1.26519835841,1.0,0.78,1.0,9.0,10.0,1,10.0
1.0,2,3.16417137561,1.0,0.58,1.0,10.0,10.0,2,10.0
1.0,4,0.790340182892,4.0,1.0,1.0,6.0,8.0,1,8.0
1.0,2,3.25548272278,1.0,0.0,1.0,0.0,0.0,1,0.0
1.5,4,2.39622203437,2.0,0.53,2.0,9.0,10.0,2,9.0
1.0,4,3.74748335517,2.0,5.0,2.0,9.0,8.0,2,8.0
1.0,2,3.23985496053,1.0,0.0,1.0,0.0,0.0,1,0.0
1.0,4,1.76056570137,2.0,2.66,2.0,10.0,9.0,2,9.0
1.0,2,1.80176132637,1.0,1.31,1.0,9.0,10.0,1,10.0
1.0,4,3.17729267944,2.0,0.49,2.0,10.0,10.0,2,10.0
1.0,2,3.49271813001,1.0,0.09,1.0,10.0,10.0,1,10.0
1.0,3,3.72735026457,2.0,1.6,1.0,8.0,9.0,2,10.0
1.0,2,1.30682803768,1.0,0.0,1.0,0.0,0.0,1,0.0
1.0,4,2.18211844432,2.0,0.95,2.0,10.0,10.0,2,10.0
1.0,2,3.60110135361,1.0,2.46,1.0,9.0,9.0,1,10.0
1.0,4,1.71868353555,2.0,2.0,2.0,10.0,9.0,1,10.0
1.0,2,1.73109087995,1.0,1.2,1.0,10.0,10.0,1,10.0
1.0,6,8.013201354,2.0,0.0,2.0,0.0,0.0,4,0.0
1.0,2,1.95131790519,1.0,0.0,1.0,0.0,0.0,1,0.0
1.0,2,2.8189361657,1.0,0.0,1.0,0.0,0.0,1,0.0
1.0,2,3.92296190141,1.0,0.0,1.0,0.0,0.0,1,0.0
1.0,4,3.70880895764,2.0,0.98,2.0,10.0,10.0,2,10.0
1.0,4,2.30595300301,4.0,1.84,2.0,10.0,10.0,1,10.0
1.0,3,2.00025530963,1.0,0.0,2.0,0.0,0.0,1,0.0
1.0,4,1.88214093475,3.0,0.0,2.0,0.0,0.0,3,0.0
1.5,4,1.7320784441,3.0,4.5,2.0,9.0,8.0,1,9.0
1.0,2,1.42055113303,1.0,0.82,1.0,10.0,9.0,1,9.0
1.0,2,2.22395378811,1.0,0.0,1.0,0.0,0.0,1,0.0
1.0,2,2.25251161076,1.0,0.0,1.0,0.0,0.0,1,0.0
1.0,2,3.06718143789,1.0,0.0,1.0,0.0,0.0,1,0.0
1.0,2,3.11080977167,1.0,0.86,1.0,10.0,10.0,2,10.0
1.0,2,1.14139899321,1.0,0.75,1.0,10.0,10.0,1,10.0
1.0,4,4.50027779497,3.0,1.48,3.0,10.0,9.0,2,10.0
1.5,5,1.49474710273,4.0,0.0,2.0,0.0,0.0,1,0.0
1.5,2,2.93343828255,1.0,0.25,1.0,10.0,10.0,1,10.0
1.0,2,1.91714417868,1.0,1.67,1.0,10.0,10.0,1,10.0
1.0,4,7.52836190396,3.0,0.0,2.0,0.0,0.0,1,0.0
1.0,3,2.80011486732,2.0,0.34,2.0,9.0,10.0,1,10.0
1.0,2,2.94800404292,1.0,3.27,0.0,10.0,9.0,1,10.0
1.0,1,1.48823420868,6.0,0.0,1.0,0.0,0.0,1,0.0
1.0,2,2.46202245016,1.0,0.31,0.0,10.0,10.0,1,10.0
1.0,2,4.25960612262,1.0,0.46,1.0,10.0,10.0,1,10.0
1.0,4,3.30481853071,2.0,0.72,1.0,9.0,10.0,2,10.0
1.0,3,1.28807466966,1.0,1.55,1.0,8.0,8.0,1,9.0
1.0,2,3.42113936454,1.0,1.12,0.0,9.0,10.0,1,10.0
1.0,2,2.96933214313,1.0,2.23,1.0,9.0,10.0,2,10.0
1.0,2,1.95668439664,1.0,5.25,1.0,8.0,9.0,1,9.0
1.5,2,2.91744616055,2.0,0.86,1.0,10.0,10.0,1,10.0
1.0,2,1.45877427971,2.0,1.22,2.0,10.0,10.0,2,9.0
1.0,4,3.5236900409,2.0,0.93,2.0,10.0,10.0,2,10.0
1.0,2,2.42737127003,1.0,1.71,1.0,10.0,10.0,1,10.0
1.0,2,2.87759161082,1.0,2.1,1.0,7.0,8.0,1,8.0
1.5,4,0.376608817512,4.0,0.86,1.0,10.0,10.0,2,10.0
1.0,2,5.03100204012,1.0,0.0,1.0,0.0,0.0,1,0.0
1.0,3,2.51413867525,1.0,0.61,1.0,8.0,10.0,1,10.0
1.0,2,2.10246944851,1.0,0.0,1.0,0.0,0.0,1,0.0
1.5,4,2.22406309089,2.0,2.92,1.0,9.0,9.0,2,9.0
1.0,4,0.755681638078,4.0,0.23,2.0,10.0,10.0,1,10.0
1.0,2,1.00528183554,1.0,1.42,1.0,9.0,9.0,1,9.0
2.0,3,4.87748854638,2.0,3.17,1.0,10.0,10.0,1,10.0
1.0,2,2.7664207722,1.0,1.42,1.0,8.0,9.0,1,9.0
1.0,2,1.83118252178,1.0,0.38,1.0,6.0,8.0,1,8.0
1.0,2,2.66713000313,1.0,0.0,1.0,0.0,0.0,1,0.0
1.0,2,1.03483795522,1.0,0.89,1.0,8.0,10.0,1,10.0
1.0,4,2.0855563834,2.0,2.4,2.0,10.0,10.0,0,10.0
1.5,3,0.487040734984,3.0,1.38,1.0,10.0,10.0,2,10.0
1.0,4,0.950020878093,2.0,1.94,1.0,9.0,9.0,2,9.0
1.0,2,2.74517767934,1.0,0.19,1.0,10.0,10.0,1,10.0
1.0,2,2.13380990444,1.0,1.07,1.0,10.0,9.0,1,9.0
1.0,2,2.99303136992,1.0,1.42,1.0,10.0,10.0,1,10.0
1.5,5,3.87248920247,3.0,0.0,2.0,0.0,0.0,1,0.0
1.0,2,3.34838058267,1.0,0.0,3.0,0.0,0.0,1,0.0
1.0,2,3.06954701347,1.0,0.0,1.0,0.0,0.0,1,0.0
1.0,4,3.41851430399,1.0,1.16,2.0,10.0,10.0,2,10.0
1.0,2,2.01504835381,1.0,0.41,1.0,10.0,10.0,2,10.0
1.0,3,1.01307786624,1.0,2.04,1.0,10.0,10.0,2,10.0
1.0,2,1.37048987111,2.0,0.0,1.0,0.0,0.0,1,0.0
1.0,4,3.7316077855,1.0,1.7,1.0,8.0,10.0,2,10.0
1.0,4,1.31323683488,2.0,6.46,1.0,9.0,9.0,2,10.0
1.0,3,2.23302718817,2.0,1.69,2.0,10.0,10.0,2,10.0
1.0,2,1.2382457729,1.0,0.68,1.0,9.0,10.0,1,10.0
1.0,2,2.29052494301,1.0,0.0,1.0,0.0,0.0,1,0.0
1.0,2,2.05742394688,1.0,0.15,1.0,8.0,6.0,1,8.0
1.0,6,3.83429358876,5.0,0.62,3.0,10.0,10.0,1,10.0
1.5,3,3.59219741169,2.0,0.0,2.0,0.0,0.0,1,0.0
1.0,4,1.76446645155,2.0,0.0,2.0,0.0,0.0,2,0.0
1.0,2,2.11050982291,1.0,0.37,1.0,9.0,9.0,1,9.0
1.0,2,0.334565508267,1.0,0.74,1.0,7.0,9.0,0,9.0
1.0,2,1.82038836622,1.0,1.64,1.0,9.0,10.0,0,10.0
1.0,2,1.31050591791,1.0,0.0,1.0,0.0,0.0,1,0.0
1.0,4,0.419737479991,3.0,0.29,1.0,0.0,0.0,1,0.0
1.0,3,3.90602113881,1.0,1.41,1.0,10.0,10.0,1,10.0
1.0,4,1.49881683082,2.0,1.33,2.0,10.0,10.0,1,10.0
1.0,2,4.09757077587,2.0,1.2,1.0,10.0,10.0,1,10.0
1.0,2,2.0601860357,1.0,2.16,1.0,10.0,10.0,1,10.0
1.0,2,2.39148548666,1.0,0.51,1.0,10.0,10.0,1,10.0
1.5,4,7.61452458107,2.0,0.0,2.0,0.0,0.0,2,0.0
1.0,2,1.97308032081,1.0,0.61,1.0,10.0,10.0,1,10.0
1.0,2,1.90925762539,1.0,0.88,1.0,10.0,10.0,1,10.0
1.0,4,2.95418501138,3.0,0.97,3.0,10.0,10.0,3,10.0
1.0,4,2.36967073133,2.0,3.3,1.0,9.0,9.0,1,9.0
1.5,4,5.20615818819,4.0,0.89,2.0,9.0,10.0,2,10.0
1.0,2,1.33163764621,1.0,1.01,1.0,10.0,10.0,1,10.0
1.0,2,3.7713823782,1.0,0.0,1.0,0.0,0.0,1,0.0
1.0,2,2.18301550192,1.0,1.45,1.0,10.0,10.0,1,10.0
1.5,4,2.7397909652,2.0,1.44,1.0,9.0,9.0,2,10.0
1.0,2,1.91180958152,1.0,0.65,1.0,9.0,10.0,0,10.0
1.0,2,2.54883541808,1.0,2.16,1.0,10.0,10.0,2,10.0
1.0,2,2.35314988436,1.0,2.19,1.0,9.0,10.0,1,10.0
1.0,4,6.91326284231,2.0,0.0,2.0,0.0,0.0,2,0.0
1.0,2,3.03421221549,1.0,7.29,1.0,10.0,10.0,1,10.0
1.0,4,2.39293480029,3.0,0.18,3.0,10.0,10.0,1,9.0
1.0,5,2.10734299386,3.0,0.26,3.0,9.0,10.0,2,10.0
1.0,2,2.32967954241,1.0,0.11,1.0,10.0,8.0,2,10.0
1.0,4,2.20611743497,2.0,0.03,2.0,8.0,10.0,2,10.0
1.0,3,2.15825981792,2.0,0.29,1.0,10.0,10.0,1,10.0
1.0,2,2.21483675314,1.0,0.57,1.0,8.0,10.0,1,10.0
1.0,4,1.92046328003,3.0,0.71,2.0,10.0,9.0,1,10.0
1.0,2,2.82035295922,1.0,1.17,1.0,10.0,10.0,2,10.0
1.0,2,1.24015036774,1.0,0.3,1.0,9.0,10.0,1,10.0
1.0,2,2.55738593258,1.0,0.0,1.0,0.0,0.0,1,0.0
1.0,2,3.54639107402,1.0,1.52,1.0,10.0,10.0,1,10.0
1.0,2,4.11399839022,1.0,0.0,0.0,0.0,0.0,1,0.0
1.0,2,3.70603214715,1.0,0.0,1.0,0.0,0.0,1,0.0
1.0,2,0.928526368324,1.0,5.18,1.0,9.0,9.0,2,9.0
1.0,4,1.82329245594,2.0,3.0,2.0,8.0,10.0,2,10.0
1.0,1,2.51967334499,1.0,0.21,1.0,9.0,10.0,1,9.0
1.0,3,1.94717204983,2.0,6.77,0.0,10.0,10.0,2,10.0
1.5,4,1.34069071788,2.0,1.82,2.0,10.0,8.0,1,10.0
1.0,2,1.80680607327,1.0,0.93,1.0,8.0,9.0,1,9.0
1.0,3,3.26634849213,1.0,0.08,1.0,10.0,10.0,1,10.0
1.0,4,3.08340431073,2.0,0.38,1.0,9.0,8.0,1,10.0
1.0,2,2.69589800409,1.0,0.12,1.0,10.0,9.0,2,9.0
1.0,5,3.02954179986,3.0,0.78,3.0,10.0,10.0,2,9.0
1.0,2,5.49013691007,2.0,1.15,1.0,9.0,10.0,1,10.0
1.0,4,2.67933888185,2.0,0.28,2.0,10.0,9.0,2,9.0
1.0,2,2.8687634478,1.0,2.07,1.0,10.0,10.0,1,10.0
0.5,2,2.06523423652,1.0,0.0,1.0,0.0,0.0,1,0.0
1.5,2,0.810290253956,2.0,1.45,1.0,9.0,9.0,1,9.0
1.0,2,2.66411224028,1.0,1.0,1.0,10.0,10.0,1,10.0
1.0,2,3.20826591386,2.0,0.0,1.0,0.0,0.0,2,0.0
1.0,2,1.90893434258,1.0,2.17,0.0,9.0,10.0,2,10.0
1.0,2,2.91014464405,2.0,0.0,1.0,0.0,0.0,1,0.0
1.0,2,1.80323541163,2.0,1.55,1.0,10.0,10.0,2,10.0
1.0,4,1.07371436555,2.0,3.67,1.0,9.0,9.0,2,9.0
1.0,2,2.15243291584,1.0,1.34,1.0,9.0,10.0,1,10.0
1.5,2,1.34775168522,1.0,0.27,1.0,10.0,10.0,2,10.0
1.0,2,7.90743886684,2.0,0.92,2.0,9.0,9.0,2,9.0
1.0,2,2.78008576119,1.0,0.0,1.0,0.0,0.0,1,0.0
1.0,2,3.15598748436,1.0,0.65,1.0,8.0,10.0,2,10.0
1.0,4,2.73872896293,2.0,0.0,1.0,0.0,0.0,1,0.0
1.0,2,1.11192520064,1.0,3.02,0.0,10.0,9.0,1,10.0
1.0,4,2.87377289954,2.0,0.76,2.0,10.0,10.0,1,10.0
1.0,4,0.938625916324,2.0,0.93,1.0,7.0,8.0,2,10.0
1.0,1,1.96099631749,1.0,1.0,1.0,10.0,10.0,1,10.0
1.0,2,3.64569734016,1.0,0.83,1.0,7.0,9.0,2,9.0
1.0,2,4.29649807188,1.0,0.0,1.0,0.0,0.0,1,0.0
1.0,2,1.94634197908,1.0,0.88,1.0,10.0,10.0,1,10.0
1.0,5,2.87034030409,2.0,0.08,3.0,10.0,9.0,5,10.0
1.0,4,2.20859133076,2.0,1.65,2.0,9.0,10.0,2,9.0
1.0,10,2.54602872144,10.0,1.74,2.0,9.0,9.0,2,9.0
1.0,2,3.7153545667,1.0,0.16,1.0,10.0,10.0,1,10.0
1.0,2,2.26425327928,1.0,3.75,1.0,9.0,10.0,1,10.0
1.0,2,2.30105503742,1.0,0.57,1.0,10.0,10.0,2,10.0
1.0,4,4.29006207478,2.0,0.76,2.0,9.0,10.0,2,10.0
1.0,4,3.5635079267,4.0,0.0,3.0,0.0,0.0,2,0.0
1.0,2,2.9498368113,1.0,0.26,1.0,10.0,9.0,1,10.0
1.0,2,1.70241592868,1.0,2.17,1.0,10.0,10.0,1,10.0
1.0,2,1.74670212001,1.0,0.55,1.0,9.0,9.0,1,10.0
1.0,2,4.32816532159,1.0,1.36,1.0,10.0,10.0,1,10.0
1.0,6,0.409068353613,3.0,1.19,1.0,9.0,8.0,2,9.0
1.0,2,1.53539993769,1.0,0.38,1.0,10.0,10.0,1,10.0
1.0,4,1.37665204305,2.0,0.71,2.0,7.0,7.0,1,10.0
1.0,2,5.1849143943,1.0,0.49,1.0,10.0,10.0,1,10.0
1.0,2,1.94323539734,1.0,0.27,1.0,0.0,0.0,1,0.0
1.0,2,2.49061212534,1.0,3.0,1.0,10.0,10.0,1,9.0
1.0,2,4.01731938921,1.0,1.59,0.0,10.0,10.0,1,10.0
1.5,4,1.20843976008,2.0,1.0,2.0,10.0,10.0,2,8.0
1.0,2,3.97702536828,1.0,0.74,1.0,10.0,10.0,1,10.0
1.0,2,1.30620264274,1.0,0.97,1.0,9.0,10.0,1,10.0
1.0,2,1.78299037485,1.0,0.53,1.0,10.0,10.0,1,10.0
1.0,2,1.02855256063,1.0,5.92,1.0,10.0,10.0,1,10.0
1.0,2,1.14352309357,1.0,0.52,1.0,10.0,10.0,1,10.0
1.5,5,2.97439224461,4.0,0.0,3.0,0.0,0.0,1,0.0
1.0,2,3.30930565501,1.0,0.0,1.0,0.0,0.0,1,0.0
1.0,2,2.74525135559,2.0,0.41,1.0,10.0,10.0,1,10.0
1.0,2,2.35951713442,2.0,0.24,1.0,9.0,10.0,1,9.0
1.0,2,1.51985679779,1.0,1.0,1.0,8.0,10.0,1,10.0
1.0,2,2.10094167923,1.0,0.26,1.0,10.0,9.0,1,10.0
1.0,2,2.04561387834,1.0,0.0,1.0,0.0,0.0,1,0.0
1.0,4,2.46284821435,2.0,0.0,1.0,0.0,0.0,3,0.0
1.0,2,2.3554981824,1.0,0.76,1.0,10.0,10.0,1,10.0
1.0,2,2.21429842696,1.0,0.34,1.0,10.0,10.0,1,10.0
1.0,2,3.71274721345,1.0,1.0,1.0,8.0,10.0,1,10.0
1.0,2,2.98645474543,1.0,1.0,1.0,10.0,10.0,1,10.0
1.0,2,2.92798001665,1.0,0.0,2.0,0.0,0.0,1,0.0
1.0,2,3.14992558272,1.0,0.34,1.0,10.0,10.0,1,9.0
1.0,2,2.34914993202,1.0,0.19,1.0,10.0,8.0,1,10.0
1.5,4,1.90859665661,2.0,0.94,2.0,10.0,9.0,2,9.0
1.0,2,2.93418856683,1.0,0.75,1.0,7.0,8.0,1,9.0
1.0,2,2.87339537464,1.0,1.02,1.0,10.0,9.0,1,10.0
1.0,6,2.30285396435,4.0,1.03,3.0,9.0,10.0,2,10.0
1.0,2,2.82240771363,1.0,0.0,1.0,0.0,0.0,1,0.0
1.0,2,4.42720901382,1.0,0.0,1.0,0.0,0.0,1,0.0
3.0,4,1.99728712761,3.0,0.89,3.0,10.0,10.0,2,10.0
1.0,3,1.1242662065,3.0,1.06,1.0,10.0,10.0,2,9.0
1.0,2,0.628652918732,1.0,0.0,0.0,0.0,0.0,1,0.0
1.5,2,2.35150580785,1.0,0.55,1.0,9.0,10.0,2,9.0
1.0,2,2.63413319,1.0,0.55,1.0,10.0,10.0,1,10.0
0.5,2,3.68997601427,1.0,1.78,1.0,9.0,10.0,1,10.0
1.5,2,2.64138786271,1.0,2.21,1.0,10.0,10.0,1,10.0
1.0,2,1.91858410115,1.0,1.52,1.0,9.0,10.0,1,10.0
1.0,4,1.99321978128,2.0,3.79,1.0,9.0,9.0,3,10.0
1.0,2,1.55618994079,1.0,0.0,1.0,0.0,0.0,1,0.0
1.0,2,1.64698454597,1.0,0.58,0.0,10.0,10.0,1,10.0
1.0,1,7.01344276085,1.0,1.0,1.0,10.0,10.0,1,10.0
1.5,3,3.02335322195,1.0,4.65,1.0,7.0,9.0,1,10.0
1.0,2,0.932449643184,2.0,1.9,1.0,9.0,9.0,2,10.0
1.0,3,4.69493017694,3.0,0.0,1.0,0.0,0.0,1,0.0
1.0,2,2.51500962798,1.0,0.52,1.0,9.0,10.0,1,10.0
1.0,2,1.93475488159,1.0,0.55,1.0,9.0,9.0,1,10.0
1.0,3,3.72000024733,2.0,0.11,1.0,10.0,10.0,1,10.0
1.0,3,2.74916680965,2.0,1.59,1.0,9.0,9.0,2,10.0
1.0,2,2.99874010086,1.0,0.0,1.0,0.0,0.0,1,0.0
1.0,2,4.83494479365,1.0,1.24,1.0,10.0,10.0,2,10.0
1.0,1,1.28844392428,1.0,0.09,1.0,0.0,0.0,1,0.0
1.0,4,1.41411359859,2.0,0.07,2.0,10.0,10.0,1,10.0
1.0,2,1.86131829016,1.0,0.0,0.0,0.0,0.0,1,0.0
1.0,4,1.84676683681,4.0,0.95,2.0,10.0,10.0,2,10.0
1.0,2,6.85142289425,1.0,0.38,1.0,10.0,10.0,2,9.0
1.0,2,3.48223322963,1.0,0.32,1.0,9.0,9.0,2,9.0
1.0,2,0.768635335041,1.0,3.53,1.0,9.0,10.0,1,10.0
1.0,1,3.68488607203,1.0,1.34,1.0,9.0,10.0,1,10.0
1.0,5,4.42491708339,2.0,0.23,2.0,10.0,10.0,1,10.0
1.0,2,0.870942187564,1.0,1.0,1.0,10.0,10.0,1,10.0
1.0,2,1.89500783273,1.0,0.31,1.0,10.0,10.0,1,10.0
1.0,4,1.12333304449,2.0,4.0,2.0,9.0,9.0,1,7.0
1.0,2,2.68550861295,1.0,0.56,1.0,9.0,10.0,1,10.0
1.0,3,2.51596059958,2.0,0.96,2.0,9.0,10.0,2,10.0
1.0,3,1.48409602757,2.0,3.5,2.0,9.0,9.0,2,9.0
1.0,3,1.16981362263,2.0,1.0,1.0,10.0,10.0,1,10.0
1.0,4,2.62199725852,4.0,0.0,2.0,0.0,0.0,1,0.0
1.0,2,2.09951496794,2.0,2.0,0.0,9.0,10.0,1,9.0
1.0,6,3.85527752609,3.0,1.0,2.0,0.0,0.0,1,0.0
1.0,2,2.52594445384,1.0,0.37,1.0,10.0,10.0,1,10.0
1.0,2,1.11159748476,1.0,1.46,1.0,10.0,10.0,2,10.0
1.0,2,2.86973577169,1.0,2.06,1.0,9.0,10.0,1,10.0
1.5,2,1.74161999449,1.0,2.09,1.0,10.0,10.0,1,10.0
1.0,2,3.15480679867,1.0,0.35,1.0,9.0,10.0,1,10.0
1.0,4,1.59068921975,2.0,3.0,2.0,10.0,10.0,1,10.0
1.0,2,3.57407532827,1.0,0.65,1.0,10.0,9.0,1,10.0
1.0,3,2.33483646911,2.0,1.02,2.0,9.0,9.0,2,10.0
1.0,2,1.7264066691,1.0,0.94,1.0,9.0,9.0,1,9.0
1.0,2,3.5513494387,1.0,0.1,1.0,10.0,10.0,1,10.0
1.5,4,2.03517405041,4.0,0.0,3.0,0.0,0.0,1,0.0
1.0,2,3.44017587428,1.0,1.28,1.0,10.0,10.0,1,10.0
1.0,2,2.17217914605,1.0,0.83,1.0,10.0,10.0,1,10.0
1.0,5,2.59387305481,2.0,0.31,0.0,8.0,10.0,2,10.0
1.0,2,0.837230732027,1.0,1.35,1.0,9.0,10.0,1,10.0
1.0,6,3.64449203626,6.0,0.0,1.0,0.0,0.0,1,0.0
1.0,4,1.18343005221,1.0,1.3,1.0,10.0,10.0,2,10.0
1.0,1,3.06003256481,1.0,1.21,1.0,10.0,10.0,1,9.0
1.0,2,2.24357509919,1.0,0.14,1.0,10.0,10.0,1,10.0
1.0,2,0.510370502617,1.0,1.86,1.0,10.0,10.0,1,10.0
1.0,2,3.39557757577,1.0,2.57,1.0,10.0,10.0,1,10.0
2.0,4,1.12035406714,3.0,0.12,3.0,10.0,10.0,1,10.0
1.0,2,3.38667591066,1.0,0.0,1.0,0.0,0.0,1,0.0
1.0,2,2.69276920203,2.0,1.25,1.0,9.0,10.0,2,10.0
1.0,3,2.18548088687,2.0,0.34,2.0,10.0,10.0,1,10.0
1.0,2,4.26637103042,1.0,0.92,1.0,10.0,10.0,1,10.0
1.5,4,2.56976482982,2.0,4.66,1.0,8.0,9.0,2,8.0
1.0,2,1.85427660668,1.0,0.84,1.0,9.0,9.0,2,9.0
1.0,4,1.1984844817,2.0,3.02,1.0,9.0,10.0,2,9.0
1.5,2,1.99992855909,1.0,0.48,1.0,9.0,10.0,1,10.0
1.0,2,3.0700041422,2.0,0.0,1.0,0.0,0.0,1,0.0
1.0,4,1.33272180987,4.0,2.0,1.0,10.0,10.0,2,10.0
1.0,4,1.18929839028,2.0,1.17,2.0,9.0,10.0,2,10.0
1.0,2,7.51175932465,1.0,0.0,1.0,0.0,0.0,1,0.0
1.0,2,1.63736593355,1.0,1.15,1.0,8.0,9.0,1,10.0
1.0,2,2.63585410592,1.0,2.5,1.0,10.0,10.0,1,10.0
1.0,2,0.652383084735,1.0,5.5,1.0,9.0,9.0,1,10.0
1.0,2,2.91255867003,1.0,1.45,1.0,9.0,10.0,1,10.0
1.0,2,2.28157283103,1.0,0.16,1.0,10.0,10.0,1,10.0
1.0,3,3.9153706548,2.0,0.15,2.0,7.0,9.0,1,9.0
1.0,2,4.85927287385,1.0,0.26,1.0,9.0,9.0,1,9.0
1.0,4,5.89924830984,4.0,0.66,2.0,9.0,9.0,1,10.0
1.0,3,1.88577162277,1.0,1.13,1.0,9.0,10.0,2,10.0
1.5,4,1.8291352114,2.0,1.28,2.0,10.0,10.0,2,10.0
1.0,2,1.16180742962,1.0,1.1,1.0,9.0,10.0,2,10.0
1.0,2,3.61418451494,1.0,3.43,1.0,10.0,10.0,2,10.0
1.0,4,2.71047932539,2.0,0.85,2.0,10.0,10.0,2,10.0
1.0,4,3.45520159254,3.0,0.25,3.0,9.0,10.0,4,10.0
1.0,4,2.41532399817,2.0,0.0,1.0,0.0,0.0,2,0.0
1.0,2,2.74697156415,1.0,0.31,1.0,9.0,10.0,1,10.0
1.0,4,2.94141176169,2.0,0.96,2.0,8.0,10.0,3,10.0
1.0,4,1.50003281412,2.0,0.31,2.0,10.0,10.0,4,10.0
1.0,4,1.23965030951,2.0,1.68,1.0,9.0,10.0,2,10.0
1.5,6,1.3290359998,5.0,0.0,1.0,0.0,0.0,1,0.0
1.5,2,1.37411302916,1.0,0.13,0.0,10.0,10.0,1,10.0
1.0,2,1.86324979864,1.0,0.21,1.0,9.0,9.0,1,9.0
1.0,4,1.98101477636,2.0,1.0,1.0,6.0,10.0,2,10.0
1.5,4,2.93654744982,3.0,1.0,3.0,8.0,10.0,1,10.0
1.0,2,2.24968277234,1.0,0.63,1.0,9.0,10.0,1,10.0
1.0,2,2.15822341187,1.0,0.36,1.0,10.0,10.0,1,10.0
1.0,2,3.32285619265,1.0,0.9,1.0,10.0,10.0,1,10.0
1.0,4,1.3051009185,3.0,4.71,1.0,9.0,9.0,2,10.0
1.5,2,4.01129749104,1.0,1.58,1.0,9.0,10.0,0,10.0
1.0,2,1.89569546846,1.0,1.46,1.0,9.0,10.0,1,9.0
1.0,4,3.82413257808,2.0,1.71,1.0,10.0,10.0,2,10.0
1.5,4,3.6884064572,2.0,0.88,2.0,10.0,10.0,2,10.0
1.0,2,1.60988120646,1.0,1.92,1.0,9.0,10.0,2,10.0
1.5,2,0.396524333671,1.0,1.0,1.0,4.0,2.0,2,2.0
1.0,2,0.876534733289,1.0,1.0,0.0,10.0,10.0,1,8.0
1.0,2,2.79409191554,1.0,0.74,1.0,10.0,10.0,0,10.0
1.0,2,2.13562911116,1.0,1.55,1.0,10.0,10.0,1,10.0
1.0,2,3.69951307872,1.0,2.39,1.0,10.0,10.0,1,10.0
1.0,3,2.28849614089,3.0,1.88,1.0,10.0,10.0,2,10.0
1.0,4,1.4636143613,2.0,8.0,2.0,10.0,10.0,3,10.0
1.0,2,2.50463356707,1.0,1.3,1.0,10.0,10.0,1,10.0
1.0,4,0.510545455552,3.0,3.21,1.0,9.0,10.0,1,9.0
1.0,2,3.99767577035,2.0,0.69,0.0,10.0,10.0,1,10.0
1.0,2,2.02564010094,1.0,2.07,1.0,10.0,10.0,1,9.0
1.0,3,2.32559258622,2.0,0.79,2.0,10.0,10.0,2,10.0
1.0,2,2.82958352646,2.0,0.69,1.0,10.0,10.0,0,10.0
1.0,2,3.04347673083,1.0,0.39,1.0,10.0,10.0,1,10.0
1.0,2,2.90596334145,1.0,0.36,1.0,10.0,10.0,1,10.0
2.0,4,3.39775814796,4.0,0.0,2.0,0.0,0.0,1,0.0
1.0,3,3.41254952149,2.0,3.22,1.0,10.0,10.0,1,10.0
1.0,4,1.84370149274,2.0,4.15,2.0,9.0,9.0,1,9.0
1.0,2,3.69494347985,1.0,1.65,1.0,10.0,7.0,1,8.0
1.0,4,2.24047303183,1.0,0.16,1.0,6.0,10.0,2,10.0
1.0,2,0.323152697616,1.0,1.6,1.0,9.0,10.0,1,10.0
1.0,2,3.47620500646,1.0,0.17,1.0,10.0,9.0,2,9.0
1.0,2,0.317875415389,1.0,1.94,1.0,10.0,10.0,1,10.0
1.0,2,1.54527874114,1.0,0.79,1.0,10.0,10.0,1,10.0
1.0,4,1.99524239521,2.0,5.08,2.0,10.0,10.0,2,10.0
1.0,2,3.18258750055,1.0,0.49,1.0,9.0,9.0,1,9.0
1.0,2,2.48534790114,1.0,0.09,1.0,7.0,10.0,1,10.0
1.0,2,1.54227701274,1.0,4.74,1.0,9.0,10.0,2,10.0
1.0,2,3.60670710693,1.0,0.31,1.0,8.0,10.0,1,10.0
1.0,2,1.90855753853,2.0,3.89,0.0,9.0,10.0,1,10.0
1.0,4,3.42347859903,2.0,1.55,2.0,10.0,10.0,2,10.0
1.0,2,1.28016652577,1.0,1.07,1.0,9.0,9.0,1,9.0
1.0,3,1.81737257895,2.0,0.0,2.0,0.0,0.0,1,0.0
1.0,2,1.91136517978,1.0,1.67,1.0,10.0,10.0,1,10.0
1.0,2,6.10642207609,2.0,3.0,1.0,10.0,9.0,2,10.0
1.0,4,1.84066070132,4.0,1.29,2.0,10.0,10.0,2,10.0
1.0,2,2.65411012825,1.0,0.29,1.0,9.0,10.0,2,10.0
1.0,2,2.87633126675,1.0,0.41,1.0,9.0,10.0,1,10.0
1.5,4,3.65904791911,2.0,0.0,2.0,0.0,0.0,1,0.0
1.0,2,2.63279127521,1.0,0.0,1.0,0.0,0.0,1,0.0
1.0,2,1.28180044768,1.0,0.07,0.0,10.0,10.0,2,8.0
1.0,4,2.8473622849,2.0,0.0,0.0,0.0,0.0,1,0.0
1.0,4,3.62124992375,2.0,1.18,2.0,10.0,10.0,2,10.0
1.0,2,2.64181482269,1.0,0.0,1.0,0.0,0.0,1,0.0
1.0,2,1.90407761681,1.0,0.99,1.0,9.0,10.0,2,10.0
1.0,3,0.578667263166,2.0,1.29,1.0,9.0,10.0,2,10.0
1.0,4,0.234166029356,4.0,2.17,1.0,9.0,10.0,2,10.0
1.0,4,2.61468542379,4.0,0.35,2.0,10.0,10.0,1,10.0
1.0,3,1.71089760573,2.0,1.55,1.0,9.0,5.0,2,6.0
1.0,4,3.51128603433,3.0,0.0,3.0,0.0,0.0,1,0.0
1.0,2,0.92327827914,2.0,0.64,0.0,10.0,10.0,2,10.0
1.0,2,1.04559925607,1.0,0.0,0.0,0.0,0.0,1,0.0
1.0,2,1.86123733128,1.0,1.64,1.0,10.0,10.0,1,10.0
1.5,3,3.89833266668,2.0,0.85,1.0,10.0,10.0,1,10.0
1.0,1,2.77068365956,1.0,0.0,1.0,0.0,0.0,1,0.0
1.0,1,1.87193952519,1.0,0.83,1.0,10.0,10.0,1,10.0
1.0,1,5.29508725973,1.0,0.82,1.0,9.0,10.0,1,10.0
1.0,3,2.10671121907,3.0,1.73,2.0,10.0,10.0,1,10.0
1.0,4,2.88743265621,4.0,0.66,2.0,9.0,10.0,2,10.0
1.0,4,1.53020263143,2.0,1.22,2.0,10.0,10.0,2,10.0
1.0,1,1.2370097474,1.0,3.8,1.0,9.0,9.0,1,10.0
1.0,2,1.02107893492,2.0,2.81,1.0,9.0,10.0,1,10.0
1.0,2,0.616413660985,2.0,0.0,1.0,0.0,0.0,1,0.0
1.0,3,3.62722892725,2.0,0.38,2.0,10.0,10.0,2,10.0
1.0,4,4.05090093293,2.0,0.0,2.0,0.0,0.0,1,0.0
1.0,3,3.9214407878,2.0,0.72,2.0,9.0,10.0,2,9.0
1.0,1,4.59687364671,1.0,0.0,1.0,0.0,0.0,1,0.0
1.0,2,0.968897129521,1.0,0.0,0.0,0.0,0.0,1,0.0
1.0,4,5.44803743593,3.0,5.0,3.0,10.0,10.0,1,10.0
1.0,3,1.58888048025,2.0,1.35,1.0,10.0,10.0,2,10.0
1.0,3,3.70956646916,2.0,1.44,2.0,10.0,10.0,2,10.0
1.0,2,2.38915238361,2.0,0.98,1.0,10.0,10.0,1,10.0
1.0,2,2.20517911596,3.0,0.0,0.0,0.0,0.0,1,0.0
1.0,2,3.08098948839,1.0,0.09,1.0,10.0,10.0,1,10.0
1.0,2,1.39780710478,1.0,0.9,1.0,10.0,10.0,1,10.0
1.0,4,1.9525862811,2.0,0.06,1.0,3.0,10.0,2,9.0
1.0,2,2.22104641472,2.0,0.75,1.0,10.0,10.0,1,10.0
1.0,2,2.29047522013,1.0,1.14,1.0,10.0,10.0,1,10.0
2.5,2,0.177882343417,1.0,2.0,1.0,8.0,10.0,1,10.0
1.0,2,1.58693419725,1.0,1.54,0.0,10.0,10.0,1,10.0
1.0,2,2.83486186382,1.0,0.0,1.0,0.0,0.0,1,0.0
1.0,2,3.53108520935,1.0,1.41,1.0,7.0,9.0,0,9.0
1.5,4,5.0614394845,3.0,0.0,2.0,0.0,0.0,1,0.0
1.0,2,2.94766284251,1.0,0.72,1.0,10.0,10.0,1,10.0
1.0,4,1.8151402164,2.0,0.59,2.0,2.0,6.0,2,6.0
1.0,2,1.77579934532,1.0,0.0,1.0,0.0,0.0,1,0.0
1.0,4,2.62028568948,4.0,1.84,2.0,9.0,10.0,2,10.0
1.0,2,2.67583407921,1.0,0.0,1.0,0.0,0.0,1,0.0
1.0,2,3.43282880572,1.0,0.65,1.0,9.0,9.0,1,10.0
0.0,2,0.800859194959,1.0,0.0,1.0,0.0,0.0,1,0.0
1.0,2,2.28887302696,1.0,0.48,1.0,10.0,10.0,1,10.0
1.0,2,3.40939910671,1.0,0.58,1.0,10.0,10.0,1,10.0
1.0,2,1.91503815563,1.0,0.81,1.0,10.0,10.0,1,10.0
2.0,2,0.5577922806,1.0,0.57,1.0,10.0,10.0,1,10.0
1.0,2,1.67428321194,2.0,0.79,1.0,10.0,10.0,1,8.0
1.0,2,2.76875077876,1.0,1.61,1.0,9.0,10.0,1,10.0
1.5,3,3.01580265215,2.0,5.22,1.0,9.0,9.0,1,9.0
1.0,4,2.19631490855,3.0,2.69,1.0,9.0,10.0,2,9.0
1.0,2,4.03519626426,1.0,1.61,1.0,10.0,10.0,1,10.0
1.0,2,2.96463954397,1.0,1.89,1.0,10.0,10.0,0,10.0
1.0,2,1.64117535627,1.0,0.77,1.0,10.0,10.0,1,10.0
1.0,2,4.44864248113,1.0,3.24,1.0,10.0,10.0,0,10.0
1.0,2,1.00927433415,1.0,7.3,1.0,10.0,10.0,2,10.0
1.0,2,1.96005842598,1.0,1.01,1.0,9.0,10.0,1,10.0
1.0,2,2.48865920492,1.0,3.35,1.0,10.0,10.0,1,10.0
1.0,3,1.81317892031,1.0,0.33,1.0,10.0,9.0,1,9.0
1.0,3,2.19440933274,1.0,0.66,1.0,9.0,10.0,1,10.0
1.0,2,2.94986799237,1.0,0.52,1.0,10.0,10.0,1,10.0
1.5,4,2.74998172761,4.0,0.22,1.0,0.0,0.0,2,0.0
1.0,4,2.41256490766,2.0,0.44,1.0,10.0,10.0,2,10.0
1.0,3,3.70905937024,3.0,1.89,1.0,9.0,9.0,1,9.0
1.0,2,2.39826332005,1.0,0.15,1.0,10.0,10.0,1,9.0
1.0,4,1.15819482321,2.0,6.22,1.0,9.0,8.0,2,8.0
1.5,2,2.37710701906,1.0,5.11,1.0,10.0,10.0,1,10.0
1.0,4,2.89441356863,2.0,0.28,2.0,10.0,10.0,2,10.0
1.0,2,3.75880862019,1.0,1.72,1.0,9.0,10.0,1,10.0
1.0,2,1.42954546863,1.0,0.34,1.0,9.0,10.0,1,9.0
1.5,2,1.03919389364,1.0,2.86,1.0,10.0,10.0,1,10.0
1.0,2,1.89990227198,1.0,0.91,1.0,9.0,10.0,0,10.0
1.0,2,3.01755470109,1.0,0.34,2.0,10.0,10.0,1,10.0
1.0,3,1.11480969826,2.0,1.89,0.0,10.0,10.0,1,10.0
1.0,2,3.38305317819,1.0,0.49,1.0,9.0,10.0,1,10.0
1.0,4,0.372705587549,4.0,0.87,0.0,9.0,8.0,1,9.0
1.0,2,2.18024382525,1.0,0.51,1.0,10.0,10.0,1,10.0
1.0,2,5.03850816357,1.0,2.64,1.0,9.0,9.0,2,9.0
1.0,2,3.61642766396,2.0,0.3,1.0,10.0,9.0,1,9.0
1.0,3,2.1708704938,2.0,1.17,2.0,10.0,10.0,1,9.0
1.0,4,1.8760590089,2.0,1.22,2.0,10.0,10.0,2,10.0
1.0,2,1.15974462539,1.0,1.3,1.0,9.0,10.0,1,10.0
1.0,2,0.877235689682,1.0,0.0,1.0,0.0,0.0,1,0.0
1.0,4,3.40418157481,2.0,0.61,2.0,10.0,10.0,1,9.0
1.0,1,4.37861956852,1.0,0.0,1.0,0.0,0.0,1,0.0
1.0,2,1.26818062368,1.0,7.1,1.0,10.0,10.0,1,10.0
1.0,4,1.79853457461,2.0,0.96,1.0,10.0,10.0,2,10.0
1.0,2,1.64913656498,1.0,0.66,1.0,10.0,10.0,2,9.0
2.0,2,3.66716197328,1.0,0.07,1.0,10.0,10.0,1,10.0
1.0,2,3.67350369537,2.0,0.71,1.0,8.0,10.0,2,10.0
1.0,2,4.90752607785,1.0,2.0,1.0,9.0,9.0,1,8.0
1.5,4,3.5776916285,5.0,1.95,3.0,10.0,10.0,2,10.0
1.0,2,1.19396488468,1.0,2.0,1.0,10.0,10.0,1,10.0
2.0,4,2.84040842684,4.0,6.38,2.0,9.0,10.0,2,10.0
1.0,2,3.07440097244,1.0,0.28,2.0,9.0,10.0,2,10.0
1.0,4,3.05685125061,2.0,1.0,2.0,0.0,0.0,4,0.0
1.0,3,2.42788855339,1.0,1.45,1.0,10.0,10.0,2,10.0
1.0,2,1.32290719787,1.0,4.08,1.0,10.0,9.0,1,9.0
1.0,2,4.08629547543,1.0,1.09,0.0,9.0,10.0,1,10.0
1.0,3,1.90280820119,2.0,0.38,1.0,9.0,10.0,1,9.0
1.0,2,3.9502543724,1.0,1.58,1.0,9.0,9.0,1,10.0
1.0,4,5.23449843381,4.0,1.52,3.0,8.0,10.0,3,10.0
1.0,2,3.94038400754,2.0,1.24,2.0,10.0,10.0,2,10.0
1.0,4,1.85869338995,2.0,0.5,1.0,9.0,10.0,2,9.0
1.0,4,1.17827569696,1.0,1.64,1.0,9.0,10.0,4,10.0
2.0,2,1.42589931105,1.0,0.58,1.0,9.0,9.0,1,9.0
1.0,3,3.47345938236,1.0,0.0,1.0,0.0,0.0,2,0.0
1.0,2,1.99122119683,1.0,0.62,1.0,10.0,10.0,1,9.0
1.0,2,2.7425603774,2.0,0.58,2.0,10.0,10.0,1,9.0
1.5,2,2.33948945451,1.0,1.02,1.0,8.0,7.0,1,10.0
1.0,4,1.97448021246,2.0,1.0,2.0,10.0,10.0,2,10.0
1.0,2,1.5488576088,1.0,0.31,1.0,10.0,10.0,1,10.0
1.0,3,2.44914064131,2.0,0.6,1.0,9.0,9.0,2,9.0
1.0,2,3.11153383336,1.0,0.26,1.0,10.0,9.0,2,10.0
1.0,4,5.96312624808,2.0,1.06,2.0,10.0,10.0,2,10.0
1.0,4,1.33692127748,2.0,1.54,2.0,8.0,9.0,3,10.0
1.0,2,2.32350921395,1.0,0.36,1.0,8.0,10.0,2,10.0
1.0,2,1.90185264827,1.0,1.26,1.0,9.0,10.0,1,10.0
1.0,4,2.3962533386,2.0,0.97,2.0,9.0,9.0,2,10.0
1.5,4,2.88061006939,3.0,0.13,2.0,10.0,10.0,2,10.0
1.0,1,2.56101554064,1.0,1.41,1.0,10.0,10.0,1,10.0
1.0,4,3.34842115698,2.0,0.53,2.0,10.0,10.0,2,10.0
1.0,2,3.0336257395,1.0,0.69,1.0,10.0,10.0,1,10.0
1.0,3,2.8745626996,1.0,4.04,1.0,8.0,9.0,1,9.0
1.5,4,1.82268221067,2.0,2.0,2.0,10.0,10.0,1,10.0
1.0,4,3.88482706442,2.0,0.31,2.0,10.0,8.0,2,10.0
1.0,2,2.59622221196,1.0,0.3,1.0,10.0,10.0,1,10.0
1.0,2,3.7537634414,1.0,0.0,1.0,0.0,0.0,1,0.0
1.0,1,3.24297879223,1.0,2.78,1.0,9.0,10.0,1,10.0
1.0,4,2.16761930145,1.0,2.82,1.0,9.0,9.0,2,10.0
1.0,3,1.32630161015,1.0,0.84,1.0,10.0,10.0,2,10.0
1.0,4,2.41984137282,3.0,3.0,2.0,9.0,8.0,1,10.0
1.5,2,1.60571681987,1.0,0.16,1.0,10.0,10.0,1,10.0
1.0,2,3.45239803431,1.0,0.95,1.0,9.0,9.0,1,10.0
1.0,2,7.09778883816,2.0,0.0,1.0,0.0,0.0,1,0.0
1.0,2,7.95882398732,2.0,0.81,1.0,9.0,9.0,1,10.0
1.0,4,5.04255412233,2.0,0.0,2.0,0.0,0.0,2,0.0
1.0,2,2.1982251062,1.0,7.0,1.0,10.0,10.0,1,10.0
1.0,2,2.30389797596,1.0,0.0,1.0,0.0,0.0,1,0.0
1.0,2,6.25816325419,1.0,0.78,1.0,10.0,10.0,1,10.0
1.0,4,3.48912856416,2.0,0.54,1.0,0.0,0.0,1,0.0
1.0,2,2.33301624444,1.0,0.47,1.0,9.0,10.0,2,10.0
1.0,4,1.49383678713,2.0,2.12,2.0,8.0,9.0,1,8.0
1.0,3,2.59644440508,2.0,0.71,1.0,9.0,10.0,1,10.0
1.0,3,4.9391185479,2.0,1.58,1.0,10.0,9.0,1,9.0
1.0,2,2.18862628671,1.0,1.0,1.0,10.0,10.0,1,10.0
1.0,2,2.45011871389,2.0,3.89,1.0,10.0,10.0,2,9.0
1.0,2,1.77121545085,1.0,0.98,1.0,7.0,10.0,1,9.0
1.0,2,2.0998909592,1.0,2.15,1.0,10.0,10.0,1,9.0
1.5,4,1.95962699069,2.0,0.0,2.0,0.0,0.0,1,0.0
1.0,2,2.55623345434,1.0,0.43,1.0,10.0,10.0,1,10.0
1.0,2,2.82002571841,1.0,0.51,1.0,10.0,10.0,1,10.0
1.0,4,1.28142419477,2.0,0.94,2.0,10.0,10.0,1,10.0
1.0,4,0.970438862832,1.0,0.57,1.0,9.0,9.0,2,9.0
1.0,4,3.04337641494,2.0,1.08,2.0,10.0,9.0,2,10.0
1.0,3,2.17709450373,1.0,0.0,1.0,0.0,0.0,1,0.0
1.0,2,2.14081382501,1.0,0.49,1.0,10.0,10.0,1,10.0
2.0,4,3.76027327266,2.0,0.31,2.0,10.0,8.0,2,8.0
1.0,4,2.73013746806,2.0,0.66,1.0,10.0,10.0,2,10.0
1.0,2,1.15598229087,1.0,0.3,1.0,9.0,9.0,1,10.0
1.0,2,3.7357824144,1.0,0.17,1.0,10.0,10.0,1,10.0
1.0,2,7.91513409743,1.0,0.26,1.0,10.0,10.0,1,10.0
1.0,3,3.57140982063,2.0,0.39,2.0,10.0,10.0,3,10.0
1.0,2,1.81487297354,1.0,0.0,1.0,0.0,0.0,1,0.0
1.0,3,2.61521787678,2.0,1.17,1.0,9.0,10.0,2,10.0
1.0,2,2.56357750937,1.0,0.0,1.0,0.0,0.0,0,0.0
1.0,4,3.43563682681,2.0,0.03,2.0,10.0,6.0,2,8.0
1.0,2,3.55341795221,1.0,0.0,1.0,0.0,0.0,1,0.0
1.5,3,1.42170569721,3.0,0.1,2.0,8.0,10.0,1,10.0
1.0,4,1.60045567021,1.0,3.14,1.0,9.0,10.0,1,10.0
1.0,2,2.44038813868,1.0,1.63,1.0,9.0,9.0,1,10.0
1.5,2,1.44184007649,1.0,0.32,2.0,10.0,10.0,2,10.0
1.0,2,2.26630822636,1.0,0.57,1.0,8.0,9.0,1,9.0
1.0,2,1.59614487649,2.0,4.26,1.0,8.0,10.0,1,9.0
1.0,2,2.6505566925,1.0,2.3,1.0,9.0,9.0,1,9.0
1.0,2,1.41375340395,1.0,2.14,1.0,9.0,10.0,1,9.0
1.0,3,3.26933522766,1.0,0.37,1.0,9.0,10.0,1,9.0
1.0,2,1.25155916682,1.0,1.74,1.0,10.0,10.0,1,10.0
1.0,2,1.92401661955,1.0,2.77,1.0,9.0,10.0,0,10.0
1.0,2,2.37777464913,1.0,2.58,1.0,8.0,9.0,2,9.0
1.5,2,2.9911587427,1.0,2.43,1.0,9.0,9.0,1,9.0
1.0,2,2.38766434414,1.0,0.83,1.0,10.0,10.0,1,10.0
1.0,2,2.46198371584,1.0,0.09,1.0,0.0,0.0,1,0.0
1.0,4,2.50451846197,2.0,0.0,2.0,0.0,0.0,1,0.0
1.0,4,4.37857640191,3.0,0.0,2.0,0.0,0.0,1,0.0
1.0,2,2.26119424396,1.0,1.01,1.0,10.0,10.0,1,10.0
1.0,2,3.24510288125,1.0,0.65,1.0,10.0,10.0,1,10.0
1.0,2,3.1264379542,1.0,1.25,1.0,9.0,10.0,1,10.0
1.0,2,3.39582511888,2.0,1.63,1.0,10.0,10.0,1,9.0
1.0,2,3.00408589095,1.0,0.34,1.0,10.0,9.0,1,10.0
1.0,2,2.70501955376,1.0,2.38,1.0,10.0,10.0,1,10.0
1.0,3,3.15752093692,1.0,1.12,1.0,10.0,10.0,2,9.0
1.0,2,3.51253069978,1.0,0.52,2.0,10.0,10.0,2,10.0
1.0,3,1.09000862812,1.0,4.0,1.0,9.0,10.0,1,10.0
1.0,2,2.07386372781,1.0,0.0,1.0,0.0,0.0,1,0.0
1.0,2,3.11120079592,1.0,0.6,1.0,10.0,10.0,1,9.0
1.0,2,2.84208043775,1.0,0.44,1.0,10.0,10.0,1,10.0
1.0,2,2.06787646992,1.0,2.25,1.0,9.0,10.0,0,10.0
1.0,2,1.51860784854,1.0,0.0,1.0,0.0,0.0,1,0.0
1.0,2,3.50036261619,1.0,0.84,1.0,10.0,10.0,1,10.0
1.0,4,2.29757216511,4.0,0.0,2.0,0.0,0.0,1,0.0
1.0,2,7.62317637952,1.0,2.4,1.0,8.0,10.0,1,10.0
1.0,2,1.54153544522,1.0,0.0,1.0,0.0,0.0,1,0.0
1.0,2,2.20356116942,1.0,0.16,1.0,9.0,9.0,1,9.0
1.0,4,2.72481531715,2.0,0.0,1.0,0.0,0.0,1,0.0
1.0,4,3.17298393214,4.0,0.35,2.0,8.0,10.0,1,10.0
1.0,2,1.06729631649,1.0,0.62,1.0,10.0,10.0,1,10.0
1.0,2,1.41144456039,1.0,1.97,1.0,9.0,9.0,1,7.0
1.0,5,2.64415233869,3.0,0.9,3.0,10.0,10.0,1,10.0
1.0,7,7.01353080868,6.0,2.32,3.0,9.0,10.0,1,10.0
1.0,3,2.82452189878,2.0,0.51,1.0,10.0,10.0,3,10.0
1.0,2,1.13724137279,1.0,0.0,0.0,0.0,0.0,1,0.0
1.0,2,1.7407824326,1.0,0.92,1.0,8.0,10.0,1,10.0
1.0,2,4.06286401966,1.0,1.78,1.0,9.0,9.0,1,9.0
1.0,2,1.95342224855,1.0,0.41,1.0,0.0,0.0,1,0.0
1.0,2,1.92323207606,2.0,1.05,1.0,10.0,10.0,1,10.0
1.0,2,2.89808049281,1.0,0.98,1.0,9.0,10.0,1,10.0
1.0,2,2.9369628554,1.0,0.62,2.0,9.0,8.0,2,10.0
1.0,2,2.62309528703,1.0,3.75,1.0,9.0,10.0,2,10.0
1.0,2,3.01079266672,1.0,0.0,1.0,0.0,0.0,1,0.0
1.0,2,1.54399265988,2.0,1.42,1.0,10.0,10.0,1,10.0
1.0,2,2.11220452414,1.0,0.94,1.0,10.0,10.0,1,10.0
1.0,4,2.74378223033,3.0,0.76,0.0,9.0,8.0,2,9.0
1.0,3,2.2408152594,2.0,0.0,1.0,0.0,0.0,2,0.0
1.0,4,2.59354935091,2.0,0.0,2.0,0.0,0.0,1,0.0
1.0,2,2.12551934409,1.0,0.41,1.0,9.0,10.0,1,10.0
1.0,1,3.43718058229,1.0,2.06,1.0,9.0,9.0,1,9.0
1.0,2,1.34767144829,1.0,2.9,1.0,10.0,10.0,1,10.0
1.0,2,2.30191804205,1.0,0.55,1.0,8.0,10.0,1,10.0
1.5,4,0.685903836581,2.0,2.67,2.0,9.0,9.0,2,9.0
1.0,2,3.966791769,1.0,0.0,1.0,0.0,0.0,1,0.0
1.0,3,8.39743505266,2.0,0.48,1.0,10.0,10.0,2,10.0
1.0,2,3.13109778914,1.0,0.28,1.0,10.0,10.0,1,10.0
1.0,6,4.79633330448,2.0,0.17,2.0,10.0,10.0,1,10.0
1.0,2,2.56654127992,1.0,0.16,1.0,10.0,10.0,2,10.0
1.0,3,2.64675486648,2.0,0.34,2.0,8.0,9.0,1,10.0
1.0,4,3.66571858952,2.0,0.6,2.0,10.0,10.0,4,9.0
1.0,2,3.26575339968,1.0,0.0,1.0,0.0,0.0,1,0.0
1.0,2,3.5402800674,1.0,0.83,1.0,10.0,10.0,1,10.0
1.0,2,2.1898652425,1.0,0.57,1.0,9.0,10.0,1,10.0
1.0,2,3.0433782909,1.0,1.3,1.0,10.0,9.0,1,10.0
1.0,4,7.91625458423,2.0,0.0,1.0,0.0,0.0,1,0.0
1.0,1,4.2542212456,1.0,1.11,1.0,10.0,10.0,0,10.0
1.0,3,2.79055474769,2.0,2.5,1.0,10.0,10.0,1,10.0
1.0,2,3.78033804991,1.0,0.0,1.0,0.0,0.0,1,0.0
1.0,2,2.14988021059,1.0,3.09,1.0,9.0,10.0,1,10.0
2.0,2,3.03167614086,1.0,0.55,1.0,8.0,9.0,1,10.0
1.0,2,4.14229727348,1.0,0.41,1.0,10.0,10.0,1,10.0
1.0,2,2.56799982006,1.0,0.81,1.0,9.0,10.0,2,10.0
1.5,6,0.423373080988,3.0,1.61,2.0,9.0,9.0,2,10.0
1.0,2,2.41732522737,1.0,0.0,1.0,0.0,0.0,1,0.0
1.0,2,1.97858760608,1.0,0.0,1.0,0.0,0.0,1,0.0
1.0,2,1.48117448014,1.0,0.07,1.0,8.0,10.0,1,10.0
1.5,3,3.78388863139,2.0,1.01,2.0,10.0,10.0,2,10.0
1.0,2,3.22254264893,1.0,0.38,0.0,10.0,10.0,1,10.0
1.0,2,2.20357220615,1.0,1.6,1.0,9.0,9.0,2,10.0
1.0,2,3.0332204765,1.0,0.0,1.0,0.0,0.0,1,0.0
1.0,3,2.10859392949,1.0,0.94,2.0,10.0,10.0,2,10.0
1.0,2,2.65314682286,1.0,0.67,1.0,0.0,0.0,2,0.0
1.5,2,3.81516503065,1.0,0.31,2.0,10.0,10.0,1,10.0
1.0,2,3.68108656894,1.0,0.69,2.0,10.0,10.0,1,10.0
1.0,4,2.47381685267,3.0,0.0,1.0,0.0,0.0,2,0.0
1.0,2,1.4611540601,1.0,0.97,1.0,10.0,10.0,1,10.0
1.5,4,1.05685562663,2.0,0.82,2.0,8.0,8.0,2,8.0
1.5,2,6.10355524412,1.0,1.33,1.0,10.0,10.0,2,9.0
1.0,3,3.10539797288,1.0,0.62,1.0,10.0,10.0,2,10.0
1.0,2,2.38692235245,1.0,0.96,1.0,10.0,10.0,1,10.0
1.5,4,1.16670141686,2.0,0.0,2.0,0.0,0.0,1,0.0
1.0,4,3.76211275558,2.0,0.27,1.0,9.0,10.0,2,10.0
1.0,2,2.05605623362,1.0,0.0,1.0,0.0,0.0,1,0.0
1.5,4,3.08419403894,3.0,1.01,2.0,8.0,9.0,2,9.0
1.0,4,2.07853456533,2.0,0.49,1.0,10.0,10.0,2,10.0
1.0,4,2.38595170161,4.0,0.4,2.0,10.0,10.0,2,10.0
1.0,2,3.18905241339,1.0,1.18,1.0,10.0,10.0,1,10.0
1.0,3,3.32549319309,2.0,1.31,1.0,9.0,10.0,2,10.0
1.0,4,3.98054748273,3.0,0.45,3.0,10.0,10.0,2,10.0
1.0,2,3.77671438605,1.0,0.0,1.0,0.0,0.0,1,0.0
1.0,2,3.65777255703,1.0,1.26,1.0,10.0,10.0,0,10.0
1.0,2,2.37594841306,1.0,1.91,2.0,7.0,10.0,1,10.0
1.0,2,2.63192373664,1.0,0.16,1.0,9.0,10.0,2,10.0
1.0,2,1.60781693863,1.0,1.04,1.0,9.0,10.0,1,10.0
1.0,2,2.22577465581,2.0,0.95,0.0,10.0,10.0,2,10.0
1.0,3,0.976893139656,2.0,1.0,2.0,10.0,8.0,3,10.0
1.0,2,2.79779789242,1.0,0.0,1.0,0.0,0.0,1,0.0
1.0,3,2.57710133731,2.0,0.32,1.0,9.0,10.0,1,10.0
1.0,2,1.41090981638,2.0,0.9,2.0,10.0,10.0,1,10.0
1.0,2,2.37640606763,1.0,1.16,1.0,10.0,10.0,1,10.0
1.0,2,1.35521271209,1.0,0.19,2.0,0.0,0.0,1,0.0
1.0,4,1.83998605457,2.0,0.66,1.0,9.0,9.0,2,9.0
1.0,2,0.724321618576,1.0,1.78,0.0,8.0,9.0,1,10.0
1.0,2,2.69183964336,1.0,0.0,1.0,0.0,0.0,1,0.0
1.0,4,1.97078873021,2.0,0.52,2.0,10.0,10.0,1,10.0
1.0,2,2.62337289693,1.0,2.28,1.0,9.0,9.0,1,10.0
1.0,2,2.98086463187,1.0,3.6,1.0,9.0,10.0,2,10.0
1.0,2,2.52701755982,1.0,0.55,1.0,10.0,10.0,2,10.0
1.0,1,2.38410771318,1.0,3.0,1.0,9.0,10.0,1,10.0
1.0,2,1.74277925644,1.0,1.48,1.0,10.0,10.0,1,10.0
1.0,3,1.29392219366,2.0,1.05,1.0,8.0,10.0,2,10.0
1.0,2,3.39168892926,1.0,0.0,1.0,0.0,0.0,1,0.0
1.0,2,1.77347520193,1.0,0.86,1.0,2.0,5.0,1,5.0
1.0,2,2.67111459174,1.0,0.7,1.0,10.0,10.0,1,10.0
1.0,4,1.51348371428,2.0,3.71,0.0,9.0,9.0,2,9.0
1.5,2,5.10641287256,1.0,3.45,1.0,10.0,10.0,1,9.0
1.0,4,3.46832351989,3.0,1.99,3.0,8.0,10.0,1,9.0
1.0,2,2.62657646031,1.0,1.04,1.0,10.0,10.0,2,10.0
1.0,2,2.63648711543,1.0,0.21,1.0,10.0,10.0,1,10.0
1.0,2,2.99763434888,1.0,1.5,2.0,9.0,10.0,1,9.0
1.5,4,2.52522434464,2.0,0.0,2.0,0.0,0.0,1,0.0
1.0,2,2.74814522574,1.0,0.46,1.0,10.0,10.0,1,10.0
1.0,2,2.1435195652,1.0,0.59,1.0,9.0,10.0,2,10.0
1.0,2,1.70648920085,1.0,0.32,1.0,10.0,10.0,1,10.0
1.5,2,2.40251179528,1.0,1.0,1.0,8.0,10.0,1,10.0
1.0,2,2.02212365548,1.0,0.11,1.0,10.0,9.0,1,9.0
0.0,2,0.442260971726,1.0,0.44,1.0,10.0,10.0,1,10.0
1.0,2,1.8003992942,1.0,1.05,1.0,9.0,10.0,1,9.0
1.0,2,8.14521196471,1.0,0.31,1.0,10.0,10.0,1,10.0
1.0,2,2.60246177176,1.0,1.98,1.0,9.0,10.0,1,10.0
1.0,2,2.46818212028,1.0,2.08,1.0,10.0,10.0,1,10.0
1.0,4,0.521704395777,4.0,0.21,2.0,10.0,9.0,1,9.0
1.0,2,3.1695749163,1.0,0.0,0.0,0.0,0.0,1,0.0
1.0,4,1.42570788823,2.0,0.31,2.0,6.0,10.0,1,10.0
1.0,2,6.30549650421,1.0,1.54,1.0,10.0,10.0,2,10.0
1.0,2,2.21029926811,1.0,0.83,1.0,10.0,10.0,1,10.0
1.0,5,2.32095813166,2.0,1.3,1.0,9.0,9.0,2,9.0
1.0,2,0.982819957867,1.0,0.0,1.0,0.0,0.0,1,0.0
1.0,4,1.36121697508,2.0,0.11,1.0,7.0,9.0,2,8.0
1.0,4,2.19592921192,3.0,2.17,1.0,9.0,10.0,2,10.0
1.0,4,3.51961989862,3.0,0.53,2.0,10.0,10.0,1,10.0
1.0,2,3.62558647283,2.0,3.31,1.0,10.0,10.0,0,10.0
1.0,2,2.82273720581,1.0,0.68,1.0,10.0,9.0,1,9.0
1.0,2,5.12837713528,1.0,6.0,0.0,10.0,10.0,1,10.0
1.0,4,2.02987883152,2.0,0.11,2.0,10.0,10.0,4,10.0
1.0,2,1.36529015081,1.0,0.0,1.0,0.0,0.0,1,0.0
1.0,2,1.36251694856,1.0,1.44,1.0,10.0,10.0,1,10.0
1.5,4,0.904011675945,2.0,1.32,2.0,8.0,9.0,4,9.0
1.0,2,1.53164419163,1.0,0.0,1.0,0.0,0.0,1,0.0
1.0,2,1.90292325182,2.0,1.12,2.0,10.0,10.0,1,10.0
1.0,2,3.03116538346,1.0,1.76,1.0,9.0,9.0,1,9.0
1.5,2,1.70537893006,1.0,1.0,1.0,0.0,0.0,1,0.0
1.0,3,3.76243146678,2.0,0.0,1.0,0.0,0.0,2,0.0
1.0,4,0.251273770003,2.0,3.45,2.0,10.0,10.0,2,10.0
1.0,2,3.71038968433,1.0,6.28,1.0,10.0,10.0,1,10.0
1.5,2,0.779947472323,1.0,0.31,1.0,10.0,10.0,1,10.0
1.5,2,2.50005826912,1.0,0.16,1.0,10.0,10.0,1,10.0
1.0,2,3.22485563436,1.0,0.0,1.0,0.0,0.0,1,0.0
1.0,4,1.2649576114,2.0,4.46,2.0,10.0,10.0,2,10.0
1.0,3,2.30180062604,2.0,2.17,0.0,10.0,10.0,1,10.0
1.0,2,2.71395096195,1.0,1.67,1.0,10.0,10.0,1,10.0
1.0,4,2.48751905847,3.0,0.0,2.0,0.0,0.0,1,0.0
1.0,4,3.21459376592,2.0,0.83,1.0,9.0,9.0,1,10.0
1.0,2,3.27640476118,1.0,0.0,0.0,0.0,0.0,1,0.0
1.5,2,5.14034177304,1.0,0.1,1.0,10.0,10.0,1,10.0
1.0,3,1.60222561782,2.0,2.0,0.0,9.0,10.0,1,10.0
1.0,2,0.72367281229,1.0,1.08,1.0,10.0,10.0,2,10.0
1.0,4,3.00816671496,3.0,2.34,2.0,10.0,10.0,2,10.0
1.0,2,3.50158753865,1.0,1.86,1.0,9.0,9.0,1,9.0
1.0,3,3.72902659739,2.0,1.0,1.0,0.0,0.0,2,0.0
1.0,2,1.33296570332,2.0,0.0,1.0,0.0,0.0,1,0.0
1.0,2,0.202388597348,1.0,0.37,1.0,10.0,10.0,1,10.0
1.0,2,1.83776484341,1.0,0.62,1.0,10.0,10.0,2,10.0
1.0,2,5.16489326838,1.0,2.59,1.0,10.0,10.0,1,10.0
1.0,3,2.46149260482,3.0,0.22,2.0,9.0,10.0,2,10.0
1.0,3,7.5778375117,2.0,1.08,1.0,8.0,8.0,2,8.0
1.0,2,1.39576575782,1.0,0.42,1.0,10.0,10.0,1,10.0
1.0,2,2.00426666703,1.0,2.5,1.0,10.0,10.0,1,10.0
1.0,3,1.84679115436,2.0,3.16,1.0,10.0,10.0,1,10.0
1.0,9,2.55537827554,8.0,1.06,2.0,9.0,10.0,2,10.0
1.0,2,7.20016514322,1.0,2.0,1.0,9.0,9.0,1,9.0
1.0,2,1.26876241047,1.0,5.08,1.0,10.0,9.0,0,9.0
1.0,3,2.62367798317,2.0,0.41,2.0,9.0,8.0,1,10.0
1.0,5,1.53825306166,6.0,0.0,3.0,0.0,0.0,1,0.0
1.0,2,1.63408797427,1.0,0.27,2.0,10.0,10.0,0,10.0
1.0,2,3.47726460935,1.0,1.12,1.0,10.0,10.0,1,10.0
1.0,2,2.65737732174,1.0,1.12,1.0,10.0,9.0,1,9.0
1.0,2,5.84103757633,1.0,1.33,1.0,10.0,10.0,0,10.0
1.0,2,1.8412675896,1.0,0.26,1.0,10.0,10.0,2,10.0
1.0,4,2.8108910327,1.0,0.57,1.0,9.0,10.0,2,10.0
1.0,3,1.8298833902,1.0,0.14,1.0,8.0,10.0,2,10.0
1.0,3,2.16458619527,2.0,0.0,2.0,0.0,0.0,1,0.0
1.5,4,2.04544745994,2.0,2.54,2.0,10.0,10.0,2,10.0
1.0,2,0.979557943933,1.0,3.0,0.0,9.0,10.0,1,10.0
0.0,4,1.52812440398,2.0,0.04,2.0,10.0,10.0,1,10.0
1.0,2,2.08745007261,1.0,2.0,1.0,9.0,10.0,1,10.0
1.0,2,1.66230708597,1.0,1.94,1.0,10.0,10.0,1,10.0
1.0,2,2.21059825295,1.0,0.0,1.0,0.0,0.0,1,0.0
1.0,2,1.29146034989,2.0,2.68,1.0,10.0,10.0,1,10.0
1.0,2,3.81697376,1.0,1.47,1.0,10.0,10.0,1,10.0
1.0,3,0.50350144995,3.0,2.77,1.0,10.0,10.0,2,10.0
1.0,2,1.59863674462,1.0,0.4,1.0,10.0,10.0,2,10.0
1.5,4,0.871398894576,2.0,1.31,2.0,10.0,10.0,2,10.0
1.5,4,3.0711329481,2.0,0.6,2.0,10.0,10.0,1,10.0
1.0,2,3.48936543255,1.0,1.0,1.0,10.0,10.0,1,10.0
1.0,2,2.86392840121,2.0,0.72,1.0,9.0,10.0,1,10.0
1.5,2,2.08265005727,1.0,0.08,1.0,10.0,10.0,1,10.0
1.0,2,0.509776307464,1.0,3.54,1.0,9.0,9.0,1,9.0
1.0,3,1.88511747996,1.0,1.29,2.0,10.0,10.0,2,10.0
1.0,2,1.89040406543,1.0,0.13,2.0,10.0,10.0,1,10.0
1.0,2,1.76570092993,1.0,0.34,1.0,10.0,10.0,1,10.0
1.0,2,2.12784367559,1.0,1.3,1.0,10.0,10.0,1,10.0
1.0,2,2.69423033324,1.0,0.09,1.0,10.0,10.0,1,10.0
1.0,6,2.16582567721,2.0,0.0,2.0,0.0,0.0,2,0.0
1.0,4,2.99930263657,3.0,0.41,2.0,8.0,10.0,1,10.0
0.5,2,6.96680877106,1.0,6.72,1.0,10.0,9.0,1,10.0
1.0,2,4.11960471748,1.0,0.27,1.0,9.0,10.0,2,10.0
1.0,6,7.00897901539,2.0,1.52,2.0,10.0,10.0,1,10.0
1.0,3,3.01566117411,2.0,0.31,1.0,8.0,9.0,1,8.0
1.0,4,0.450160393486,5.0,1.13,0.0,9.0,10.0,2,10.0
1.0,2,3.96603829649,1.0,0.81,1.0,8.0,10.0,1,10.0
1.0,4,3.74476273296,1.0,0.16,2.0,10.0,10.0,2,10.0
1.0,3,2.29976088451,1.0,3.11,1.0,8.0,9.0,2,10.0
2.0,4,1.34123604009,2.0,0.0,2.0,0.0,0.0,1,0.0
1.0,8,2.34304307584,8.0,0.11,4.0,4.0,9.0,8,9.0
1.0,2,0.533475746014,1.0,0.66,0.0,10.0,10.0,1,10.0
1.5,3,9.25432354711,3.0,1.25,1.0,9.0,8.0,2,7.0
1.0,4,3.21135795052,2.0,3.0,2.0,9.0,10.0,1,9.0
1.0,2,2.39154685673,1.0,1.54,1.0,10.0,10.0,1,10.0
1.0,2,0.905066761751,1.0,0.79,0.0,10.0,10.0,0,10.0
1.0,2,3.01550668586,1.0,2.64,1.0,10.0,10.0,1,10.0
1.0,3,2.24539074827,1.0,1.19,1.0,10.0,10.0,2,10.0
1.0,2,2.07526989638,1.0,0.15,1.0,10.0,10.0,2,10.0
1.0,4,2.1034206664,3.0,0.53,3.0,10.0,10.0,2,10.0
1.0,2,0.915190160519,1.0,3.41,0.0,10.0,10.0,1,10.0
1.0,2,1.97312637766,1.0,0.72,1.0,10.0,10.0,2,10.0
1.0,2,0.604838623639,1.0,2.99,1.0,9.0,9.0,1,10.0
1.0,1,1.96378401186,1.0,0.0,1.0,0.0,0.0,1,0.0
1.0,2,2.18282729931,1.0,0.54,1.0,9.0,10.0,0,9.0
1.0,2,3.21600013617,1.0,0.0,2.0,0.0,0.0,1,0.0
1.0,4,2.16909579884,2.0,0.0,2.0,0.0,0.0,1,0.0
1.0,3,2.31817918069,2.0,0.74,2.0,10.0,10.0,0,10.0
1.5,4,2.20599312734,1.0,0.16,1.0,7.0,9.0,2,10.0
1.0,2,6.23453252582,1.0,0.0,1.0,0.0,0.0,1,0.0
1.0,4,1.35029158894,2.0,1.18,1.0,9.0,9.0,2,9.0
1.0,2,2.86588775982,1.0,0.41,1.0,10.0,9.0,1,9.0
1.0,2,1.82043155301,2.0,0.72,1.0,6.0,10.0,1,8.0
1.0,2,2.13338664792,1.0,1.33,1.0,10.0,10.0,1,10.0
1.0,3,1.44527811532,2.0,2.24,1.0,10.0,10.0,1,10.0
1.0,2,1.07811305565,1.0,2.47,1.0,10.0,10.0,1,10.0
1.0,4,2.72384080553,2.0,0.34,1.0,9.0,10.0,2,10.0
1.0,2,3.48704605921,1.0,0.66,1.0,10.0,10.0,2,10.0
1.0,2,2.68878281939,1.0,0.81,1.0,10.0,10.0,1,10.0
1.0,2,3.06140887543,1.0,0.0,1.0,0.0,0.0,2,0.0
1.5,2,3.26969306925,1.0,1.47,1.0,10.0,10.0,2,10.0
1.0,2,1.85165051745,1.0,2.46,1.0,9.0,9.0,2,10.0
1.0,2,6.71117396166,1.0,2.42,1.0,10.0,10.0,1,10.0
1.0,4,0.731356425065,2.0,0.83,1.0,10.0,10.0,2,9.0
1.0,2,1.60332668693,1.0,0.95,1.0,9.0,10.0,2,10.0
1.0,4,1.19773925176,2.0,6.03,1.0,9.0,10.0,2,10.0
1.0,2,5.9755823286,1.0,3.55,1.0,10.0,10.0,1,10.0
1.0,4,1.93772322153,3.0,3.51,2.0,9.0,9.0,2,10.0
1.0,2,1.84173134031,1.0,1.56,1.0,10.0,10.0,2,10.0
1.5,4,0.557152297171,3.0,0.91,3.0,4.0,8.0,1,10.0
1.0,2,4.7291697909,1.0,0.0,1.0,0.0,0.0,1,0.0
1.0,2,0.394292544221,1.0,0.51,0.0,9.0,9.0,1,9.0
2.0,9,4.34679470786,1.0,2.0,4.0,10.0,10.0,1,8.0
1.0,2,3.15855762901,1.0,0.62,1.0,5.0,8.0,1,8.0
1.5,5,9.5949112138,3.0,1.25,2.0,9.0,9.0,2,9.0
1.0,2,0.995059791938,2.0,3.47,0.0,8.0,8.0,2,8.0
1.0,2,2.21250155569,1.0,0.08,1.0,10.0,10.0,1,10.0
1.0,2,2.86066007697,1.0,0.14,1.0,10.0,9.0,1,10.0
1.0,4,0.578498846631,2.0,0.61,1.0,9.0,10.0,2,9.0
1.0,2,3.02862111071,1.0,0.0,1.0,0.0,0.0,1,0.0
1.0,3,2.3815486292,2.0,0.73,1.0,10.0,10.0,2,10.0
1.0,2,1.21758247333,1.0,0.0,1.0,0.0,0.0,1,0.0
1.5,4,2.4710857441,2.0,0.0,2.0,0.0,0.0,1,0.0
1.0,4,1.89878579487,3.0,0.07,3.0,8.0,10.0,1,10.0
1.0,4,2.45874002521,2.0,1.1,1.0,10.0,10.0,2,10.0
1.0,4,2.43073865319,4.0,0.6,1.0,10.0,10.0,1,10.0
1.0,2,2.37809754159,1.0,0.77,1.0,10.0,10.0,1,10.0
1.0,1,6.90679867769,1.0,1.09,1.0,10.0,10.0,1,10.0
1.0,2,3.23507747881,2.0,0.0,1.0,0.0,0.0,2,0.0
2.0,7,2.57741681014,4.0,1.7,4.0,10.0,10.0,4,10.0
1.0,4,1.15188377675,2.0,0.91,2.0,9.0,10.0,4,10.0
1.0,4,1.12323437431,2.0,0.38,2.0,10.0,10.0,2,10.0
3.0,4,1.39612117644,4.0,0.49,2.0,10.0,10.0,2,10.0
1.0,2,2.2444055631,1.0,0.0,1.0,0.0,0.0,1,0.0
1.0,4,2.30753105922,2.0,0.17,2.0,7.0,10.0,3,9.0
1.0,2,2.62645367902,1.0,0.51,1.0,10.0,10.0,1,10.0
1.0,2,1.406159211,1.0,0.0,1.0,0.0,0.0,1,0.0
1.0,4,2.81178961238,2.0,1.11,2.0,9.0,10.0,2,10.0
1.0,2,1.87737557297,2.0,0.29,1.0,0.0,0.0,1,0.0
1.0,4,2.36823251776,2.0,0.34,2.0,10.0,10.0,2,10.0
1.0,4,2.30428497788,2.0,0.86,2.0,9.0,9.0,1,10.0
1.5,2,3.43920907325,1.0,0.0,1.0,0.0,0.0,1,0.0
1.0,4,0.541525917458,4.0,2.14,2.0,9.0,10.0,2,10.0
1.0,4,2.92734059661,2.0,0.39,2.0,10.0,10.0,1,10.0
1.0,4,1.81672679438,2.0,1.0,2.0,10.0,8.0,2,8.0
1.0,2,2.78660024364,1.0,0.56,1.0,10.0,10.0,1,10.0
1.5,2,2.35855725616,1.0,1.0,1.0,10.0,10.0,1,10.0
1.0,2,3.43268442109,1.0,0.95,1.0,10.0,10.0,1,10.0
1.5,4,1.43966332803,2.0,1.67,2.0,10.0,9.0,1,9.0
1.0,2,1.05576510125,1.0,1.55,1.0,10.0,10.0,1,10.0
1.0,2,3.03342378732,1.0,2.0,1.0,10.0,10.0,1,10.0
1.5,5,1.13682494354,3.0,0.65,1.0,10.0,10.0,1,10.0
1.0,4,1.76399318716,3.0,0.0,1.0,0.0,0.0,1,0.0
1.0,4,2.66059299312,2.0,0.0,2.0,0.0,0.0,1,0.0
1.0,2,3.16948679118,1.0,0.26,1.0,9.0,9.0,1,9.0
1.0,4,2.84333703918,2.0,0.2,2.0,10.0,6.0,1,10.0
1.0,2,2.71737133889,1.0,0.18,1.0,10.0,10.0,2,10.0
1.0,2,3.5230085803,1.0,1.09,1.0,10.0,10.0,1,10.0
1.0,2,1.38428378938,1.0,1.53,1.0,10.0,10.0,1,10.0
1.0,2,2.95929579892,1.0,0.36,1.0,10.0,10.0,1,10.0
1.0,2,1.3264787458,1.0,0.65,0.0,7.0,9.0,1,9.0
1.0,2,3.43604234428,1.0,0.0,1.0,0.0,0.0,1,0.0
1.0,2,1.11939384885,1.0,0.45,1.0,10.0,10.0,1,10.0
1.5,3,2.35979568125,2.0,0.0,1.0,0.0,0.0,2,0.0
1.0,2,1.43153389389,1.0,0.81,1.0,10.0,10.0,1,10.0
1.0,4,3.20439759712,1.0,1.36,1.0,9.0,9.0,2,9.0
1.5,3,2.2678351076,1.0,0.0,1.0,0.0,0.0,1,0.0
1.0,3,2.67373528472,2.0,0.6,1.0,9.0,9.0,2,10.0
1.0,4,6.6490702428,2.0,0.23,2.0,10.0,10.0,4,10.0
1.0,2,1.16104022962,1.0,0.43,1.0,10.0,9.0,1,10.0
1.0,2,0.69917940926,1.0,0.28,1.0,9.0,10.0,2,10.0
1.0,2,3.71871720844,2.0,0.18,2.0,8.0,7.0,2,9.0
1.5,2,1.11818697983,1.0,0.7,1.0,9.0,9.0,1,10.0
2.0,4,2.96983467693,4.0,0.09,3.0,10.0,10.0,4,10.0
1.0,2,3.57210189703,1.0,0.0,1.0,0.0,0.0,1,0.0
1.0,4,2.91074990175,2.0,0.11,1.0,6.0,8.0,1,8.0
1.0,3,1.49785975446,3.0,0.65,1.0,9.0,9.0,2,9.0
1.0,3,0.51332769678,2.0,10.63,1.0,7.0,9.0,3,9.0
1.0,2,3.75974815463,1.0,0.22,1.0,10.0,10.0,1,10.0
1.0,2,0.502999375767,1.0,3.92,1.0,10.0,9.0,1,9.0
1.0,1,2.01912749723,1.0,4.48,1.0,10.0,10.0,0,10.0
1.5,2,1.28076816365,1.0,0.22,1.0,10.0,10.0,2,10.0
1.0,2,2.90590864078,2.0,0.6,1.0,10.0,10.0,1,10.0
1.0,4,3.60274006341,1.0,0.35,1.0,9.0,10.0,2,10.0
1.0,4,1.0708254862,3.0,0.59,2.0,10.0,9.0,0,10.0
1.0,2,1.87302949361,1.0,0.15,1.0,10.0,10.0,2,10.0
1.0,4,1.3910690554,2.0,3.33,1.0,9.0,9.0,1,8.0
1.0,2,3.42910456128,1.0,0.24,1.0,10.0,9.0,1,10.0
1.0,2,1.52653055364,1.0,2.19,1.0,9.0,10.0,1,10.0
1.0,4,2.90862229606,2.0,0.75,2.0,10.0,10.0,1,10.0
1.0,2,3.57148357215,1.0,0.0,1.0,0.0,0.0,2,0.0
2.5,4,2.3847302882,2.0,2.37,2.0,9.0,10.0,2,10.0
1.0,2,2.47910498996,2.0,3.51,1.0,10.0,10.0,1,10.0
1.0,4,2.56369761991,1.0,0.87,1.0,8.0,10.0,1,10.0
1.0,2,1.85129833833,1.0,1.01,1.0,10.0,10.0,1,10.0
1.0,4,2.86210790202,2.0,2.5,1.0,7.0,9.0,3,9.0
1.0,2,1.34171401374,1.0,1.12,1.0,9.0,8.0,1,8.0
1.0,2,3.97568025031,1.0,0.0,1.0,0.0,0.0,1,0.0
1.5,2,1.02007894702,1.0,0.92,1.0,7.0,9.0,2,10.0
1.0,3,2.11669518342,2.0,2.55,2.0,10.0,10.0,1,10.0
1.0,2,1.7869528153,1.0,1.2,1.0,8.0,9.0,1,10.0
1.0,2,2.51200914956,1.0,3.28,1.0,9.0,10.0,1,10.0
1.0,2,3.16284739548,1.0,0.91,1.0,0.0,0.0,1,0.0
1.0,2,4.2711304896,1.0,1.05,1.0,9.0,9.0,1,9.0
1.0,2,3.61105739392,2.0,2.75,1.0,7.0,9.0,1,10.0
1.0,2,3.28444321457,2.0,0.11,1.0,10.0,10.0,1,10.0
1.0,3,0.354656284268,1.0,6.51,1.0,10.0,10.0,2,10.0
1.0,4,2.36242746684,4.0,5.75,2.0,9.0,10.0,2,10.0
1.5,4,0.987611360633,2.0,0.85,2.0,9.0,10.0,2,10.0
1.0,2,3.04298981525,1.0,1.44,1.0,10.0,10.0,1,10.0
1.0,3,1.89736134095,3.0,0.52,1.0,8.0,10.0,1,10.0
1.0,2,2.31215490996,1.0,1.9,1.0,8.0,9.0,1,9.0
1.5,2,2.07750540122,1.0,0.0,1.0,0.0,0.0,1,0.0
1.0,1,3.84048444024,2.0,0.43,1.0,10.0,10.0,1,10.0
1.0,2,2.67018045662,1.0,1.19,1.0,10.0,10.0,1,10.0
1.5,1,0.391601296634,1.0,0.97,1.0,10.0,10.0,1,10.0
1.0,2,2.47650655791,1.0,2.9,1.0,10.0,10.0,1,10.0
1.0,2,3.34543831133,1.0,0.0,1.0,0.0,0.0,1,0.0
1.0,2,4.39381187655,2.0,5.26,1.0,9.0,10.0,1,10.0
1.0,2,1.59381682791,1.0,1.13,1.0,9.0,10.0,2,9.0
1.0,2,10.3341874907,1.0,0.2,1.0,9.0,10.0,1,9.0
1.0,2,1.49396769166,1.0,2.0,1.0,10.0,8.0,1,10.0
1.0,2,2.14146904985,1.0,0.95,1.0,10.0,10.0,1,10.0
1.0,3,0.888010772535,3.0,0.61,1.0,9.0,9.0,2,9.0
1.0,4,1.9148546658,1.0,0.58,1.0,8.0,9.0,2,10.0
1.0,3,2.15087899947,2.0,2.83,1.0,10.0,10.0,2,10.0
1.0,2,0.979902855105,1.0,0.0,0.0,0.0,0.0,1,0.0
1.0,2,2.08050276364,1.0,4.53,1.0,10.0,10.0,1,10.0
1.0,2,1.4535046322,1.0,1.06,1.0,10.0,10.0,1,10.0
1.0,3,0.552470542021,2.0,2.0,1.0,10.0,10.0,2,10.0
1.0,4,1.34520583331,1.0,0.45,1.0,9.0,10.0,2,10.0
1.0,4,1.56098248537,2.0,1.03,2.0,10.0,10.0,2,10.0
1.0,4,0.975043249122,4.0,3.75,1.0,9.0,10.0,2,10.0
1.0,2,1.04846989901,1.0,0.0,1.0,0.0,0.0,1,0.0
1.0,4,3.63577838891,4.0,0.41,2.0,10.0,10.0,1,10.0
1.0,2,3.08527347072,1.0,0.0,1.0,0.0,0.0,1,0.0
1.0,2,2.49350787425,1.0,2.69,2.0,10.0,10.0,2,10.0
1.0,4,2.31167492077,2.0,2.34,0.0,9.0,9.0,2,10.0
1.0,4,3.99261399937,2.0,2.0,0.0,10.0,10.0,0,10.0
1.5,4,2.64834410522,4.0,0.0,3.0,0.0,0.0,1,0.0
1.0,2,3.11115462261,2.0,3.41,1.0,10.0,10.0,1,10.0
1.5,2,2.88914364518,1.0,2.1,1.0,10.0,10.0,2,10.0
1.0,2,1.5055138784,1.0,2.84,1.0,9.0,10.0,1,10.0
1.0,3,3.00831417657,1.0,3.0,1.0,10.0,10.0,1,10.0
1.0,5,3.22421014321,1.0,0.91,1.0,10.0,10.0,2,10.0
1.5,4,2.32014306487,2.0,3.3,1.0,9.0,9.0,1,10.0
1.0,2,1.99937853286,1.0,0.64,1.0,9.0,10.0,2,10.0
1.5,3,3.15385287815,2.0,0.55,2.0,9.0,10.0,1,10.0
1.0,3,2.83821920323,2.0,1.21,1.0,9.0,10.0,1,10.0
1.0,2,1.36987653531,1.0,0.0,1.0,0.0,0.0,1,0.0
1.0,4,2.76511464279,4.0,0.74,2.0,10.0,10.0,2,10.0
1.0,2,0.984159299455,2.0,0.71,1.0,10.0,10.0,1,10.0
1.0,4,3.94561582862,4.0,0.0,4.0,0.0,0.0,1,0.0
1.0,2,1.13098099796,2.0,0.0,1.0,0.0,0.0,1,0.0
1.5,3,2.60679158818,1.0,2.35,1.0,10.0,10.0,1,10.0
1.0,4,3.19934493491,2.0,0.58,1.0,8.0,9.0,2,8.0
1.0,2,2.84295605099,1.0,2.0,0.0,10.0,10.0,1,10.0
1.0,2,2.91295803431,1.0,0.0,1.0,0.0,0.0,1,0.0
1.5,2,0.935244842319,1.0,1.4,1.0,4.0,9.0,1,9.0
1.0,2,1.6737392211,1.0,4.2,0.0,10.0,10.0,1,10.0
1.0,3,3.62297229101,2.0,0.82,1.0,10.0,10.0,2,10.0
1.0,2,3.45759230846,2.0,0.57,1.0,9.0,10.0,1,10.0
1.0,3,0.491867050781,1.0,1.21,1.0,10.0,10.0,2,10.0
1.0,4,2.15057859788,4.0,0.0,1.0,0.0,0.0,1,0.0
1.5,1,4.48401056987,1.0,0.0,1.0,0.0,0.0,1,0.0
1.0,2,1.71468086097,1.0,0.3,1.0,10.0,6.0,1,8.0
1.0,2,3.09384468686,1.0,0.14,1.0,10.0,10.0,2,10.0
1.5,4,0.926421057377,2.0,0.0,1.0,0.0,0.0,1,0.0
1.0,1,5.76695583937,1.0,2.22,1.0,10.0,10.0,1,10.0
1.0,2,8.36664142941,1.0,5.33,1.0,8.0,9.0,2,10.0
1.0,3,1.18868627789,2.0,0.0,2.0,0.0,0.0,1,0.0
1.0,2,2.37401802561,1.0,0.16,1.0,10.0,10.0,1,10.0
1.0,2,2.50853437944,1.0,0.74,1.0,9.0,10.0,2,10.0
1.0,4,4.29179764842,2.0,2.47,2.0,7.0,10.0,3,10.0
2.0,3,3.35476280914,2.0,1.96,2.0,10.0,10.0,2,10.0
1.0,2,4.68821644184,1.0,3.84,1.0,10.0,10.0,1,9.0
1.5,2,1.28553475753,1.0,3.02,1.0,9.0,9.0,1,9.0
1.0,4,2.49338495371,2.0,0.36,2.0,10.0,10.0,4,10.0
1.0,4,2.26866190772,1.0,0.2,2.0,9.0,9.0,2,9.0
1.0,2,2.07533015626,1.0,5.48,1.0,9.0,9.0,1,10.0
1.0,4,3.13152261589,2.0,0.16,2.0,10.0,10.0,4,10.0
1.0,2,1.5540193687,1.0,0.09,1.0,10.0,10.0,1,10.0
1.0,4,4.19639706732,2.0,3.29,0.0,9.0,7.0,1,8.0
1.0,4,1.61723999749,2.0,0.89,2.0,10.0,10.0,2,10.0
1.0,2,2.77968993384,1.0,0.53,1.0,10.0,10.0,1,10.0
1.0,4,2.85339370032,2.0,0.0,1.0,0.0,0.0,1,0.0
1.0,4,3.01478720129,1.0,0.36,2.0,9.0,10.0,2,10.0
1.0,2,4.01535749238,1.0,1.41,1.0,10.0,10.0,2,10.0
1.0,2,0.480482986585,1.0,0.85,1.0,9.0,10.0,2,10.0
1.0,2,9.30371650578,1.0,0.67,1.0,9.0,9.0,1,10.0
1.0,2,2.96074426614,1.0,0.92,1.0,9.0,10.0,1,9.0
1.0,2,1.28148675312,1.0,0.53,1.0,10.0,10.0,2,10.0
1.0,2,3.12541571557,1.0,0.13,1.0,8.0,10.0,1,10.0
1.0,4,2.00657992007,2.0,3.45,2.0,9.0,10.0,1,10.0
1.0,2,0.282124502052,1.0,0.14,1.0,8.0,10.0,2,10.0
1.0,3,1.67823290088,2.0,1.43,1.0,7.0,9.0,1,10.0
1.0,2,2.15753762094,1.0,0.79,1.0,10.0,10.0,2,10.0
1.0,2,0.99073576072,1.0,1.39,1.0,9.0,10.0,1,10.0
1.0,2,2.40549873457,1.0,1.0,1.0,10.0,10.0,2,10.0
1.0,2,2.50241835724,1.0,0.6,1.0,9.0,10.0,1,10.0
1.0,2,5.20282597697,1.0,0.0,1.0,0.0,0.0,1,0.0
1.0,2,0.613346161644,1.0,0.6,0.0,10.0,10.0,1,10.0
1.5,4,2.48050085662,3.0,0.44,3.0,10.0,10.0,2,10.0
1.0,4,8.59224818499,3.0,2.54,3.0,10.0,10.0,2,10.0
1.0,5,2.54598728476,5.0,0.25,3.0,10.0,10.0,1,10.0
1.0,2,4.72920532327,1.0,0.12,1.0,8.0,10.0,1,10.0
1.0,3,3.01917248047,2.0,0.39,1.0,10.0,10.0,1,10.0
1.0,2,5.64724110077,4.0,0.0,2.0,0.0,0.0,1,0.0
1.0,4,2.13237789777,2.0,0.22,2.0,10.0,10.0,1,10.0
1.0,2,1.67114674548,1.0,0.8,1.0,10.0,10.0,1,10.0
1.0,2,1.70797575799,1.0,0.0,1.0,0.0,0.0,1,0.0
1.0,2,1.83115446414,1.0,0.8,1.0,10.0,9.0,1,10.0
1.0,2,2.3743206615,1.0,2.61,0.0,10.0,10.0,1,10.0
2.5,4,1.884344054,3.0,0.7,2.0,10.0,10.0,2,10.0
1.0,3,2.24086330467,1.0,1.47,1.0,10.0,10.0,2,10.0
1.0,2,1.32164177468,1.0,1.1,1.0,10.0,10.0,1,10.0
1.0,2,3.53713419999,1.0,0.65,1.0,10.0,9.0,0,9.0
1.0,2,4.12600639968,1.0,1.3,1.0,10.0,10.0,1,10.0
1.0,2,1.86353489674,1.0,3.68,1.0,9.0,10.0,1,10.0
1.0,2,1.99292346813,1.0,0.46,1.0,7.0,10.0,1,10.0
1.0,2,2.8670540402,1.0,0.0,1.0,0.0,0.0,1,0.0
2.0,4,2.55757461138,3.0,2.11,3.0,9.0,10.0,4,10.0
2.0,2,2.17413320653,1.0,0.13,1.0,10.0,10.0,1,10.0
1.0,2,1.79578583135,1.0,0.19,1.0,10.0,10.0,1,10.0
1.0,2,0.36548517282,1.0,0.17,1.0,9.0,10.0,1,10.0
1.0,4,3.39232080845,2.0,0.08,1.0,10.0,10.0,2,10.0
1.0,4,1.07788616231,1.0,0.0,1.0,0.0,0.0,1,0.0
1.0,3,2.44895032851,1.0,0.39,1.0,8.0,10.0,2,9.0
1.0,2,4.32546443455,1.0,1.71,0.0,10.0,10.0,1,10.0
1.0,4,1.76692754077,3.0,0.0,3.0,0.0,0.0,2,0.0
1.0,2,2.88443219169,1.0,2.33,1.0,10.0,10.0,1,10.0
1.0,4,1.74378755106,2.0,0.94,2.0,10.0,9.0,2,10.0
1.0,2,2.29142850133,1.0,0.0,1.0,0.0,0.0,1,0.0
1.0,5,0.379495105501,4.0,1.0,1.0,6.0,10.0,1,10.0
1.0,4,2.46867406398,4.0,0.0,3.0,0.0,0.0,6,0.0
1.0,2,3.67647653591,1.0,4.95,1.0,9.0,9.0,2,9.0
1.0,1,1.84060228729,1.0,0.0,1.0,0.0,0.0,1,0.0
1.0,2,1.92957156792,1.0,0.42,0.0,4.0,10.0,1,10.0
1.0,2,1.34968601311,1.0,1.27,1.0,8.0,8.0,1,9.0
1.0,3,2.77257916764,1.0,0.39,1.0,10.0,10.0,2,10.0
1.0,4,2.97604407021,2.0,2.45,1.0,8.0,10.0,1,10.0
1.0,6,2.52132487458,4.0,0.22,3.0,9.0,10.0,1,10.0
1.0,4,1.86432914954,2.0,0.28,2.0,10.0,10.0,2,9.0
1.0,2,3.09452419641,1.0,4.11,1.0,10.0,10.0,1,10.0
1.0,4,4.82529610409,2.0,0.0,1.0,0.0,0.0,1,0.0
1.0,2,3.38444080063,1.0,6.68,0.0,10.0,9.0,1,9.0
1.0,2,1.64266569423,1.0,1.22,1.0,10.0,10.0,1,10.0
1.0,4,2.67537482437,2.0,0.1,2.0,0.0,0.0,2,10.0
1.0,2,1.75102062173,1.0,0.0,1.0,0.0,0.0,1,0.0
1.0,2,1.39397800104,2.0,4.05,1.0,7.0,9.0,1,9.0
1.5,2,1.67192542321,2.0,1.38,1.0,10.0,9.0,0,9.0
1.0,2,4.40164641816,1.0,0.03,1.0,0.0,0.0,1,0.0
1.0,2,1.28314967938,1.0,1.0,1.0,8.0,8.0,1,10.0
1.0,2,2.02580582623,1.0,0.86,1.0,9.0,10.0,2,10.0
1.0,2,2.48500040083,1.0,0.63,1.0,9.0,9.0,1,8.0
1.0,2,2.96018015752,1.0,0.36,1.0,10.0,10.0,1,10.0
1.0,3,1.78614123805,1.0,0.72,1.0,10.0,10.0,2,10.0
1.0,2,2.70408056865,1.0,1.07,1.0,9.0,10.0,1,10.0
1.0,3,3.58569010367,2.0,0.17,2.0,10.0,10.0,0,10.0
1.0,1,2.46335666317,1.0,0.46,1.0,9.0,9.0,1,10.0
1.0,2,2.79760723639,1.0,1.06,1.0,10.0,10.0,1,10.0
1.0,2,2.64662738854,1.0,0.52,1.0,10.0,8.0,1,10.0
1.0,2,2.03034449607,1.0,2.0,1.0,9.0,9.0,2,10.0
1.0,4,2.71225745634,2.0,0.45,2.0,9.0,9.0,1,10.0
1.0,3,2.22873929199,3.0,0.0,2.0,0.0,0.0,1,0.0
1.0,2,3.31669702056,2.0,0.3,1.0,9.0,9.0,1,9.0
1.0,2,0.445678665153,1.0,2.0,1.0,8.0,9.0,1,10.0
1.0,2,2.20615144471,1.0,0.0,1.0,0.0,0.0,1,0.0
1.0,2,1.52531767667,1.0,1.04,1.0,10.0,10.0,1,10.0
1.0,2,0.540165998778,1.0,1.76,1.0,10.0,10.0,1,10.0
1.0,2,3.91368122796,1.0,4.79,1.0,10.0,10.0,1,10.0
1.0,2,2.93293707193,1.0,1.74,1.0,9.0,10.0,1,10.0
1.0,2,2.15622506716,1.0,0.0,1.0,0.0,0.0,1,0.0
1.0,4,0.774770792381,2.0,0.0,2.0,0.0,0.0,2,0.0
1.5,2,1.9690936579,1.0,0.11,1.0,10.0,10.0,2,10.0
1.0,2,2.95925873848,1.0,1.23,1.0,9.0,10.0,2,10.0
1.0,4,2.18102673293,5.0,0.1,2.0,10.0,10.0,1,10.0
1.0,2,2.78954320806,1.0,5.65,1.0,10.0,10.0,1,10.0
1.0,4,1.13882001049,2.0,1.03,2.0,10.0,10.0,1,10.0
1.0,2,0.748625411836,1.0,0.0,1.0,0.0,0.0,1,0.0
1.0,2,0.272757394945,1.0,3.45,0.0,8.0,10.0,1,10.0
1.0,2,1.43610878714,1.0,4.81,1.0,8.0,9.0,1,10.0
1.5,4,1.56024043966,2.0,0.52,2.0,10.0,8.0,1,8.0
1.0,4,2.28765678472,4.0,1.45,3.0,8.0,9.0,1,9.0
1.0,4,3.18741482235,2.0,0.3,2.0,10.0,10.0,2,9.0
1.0,2,2.83567271451,1.0,0.0,1.0,0.0,0.0,1,0.0
1.0,2,2.0933680845,1.0,0.0,1.0,0.0,0.0,1,0.0
1.0,4,3.33260701235,4.0,0.25,3.0,10.0,10.0,1,10.0
1.0,4,2.31501743247,1.0,0.64,1.0,10.0,10.0,2,10.0
1.0,2,1.51781423969,1.0,1.81,1.0,9.0,10.0,1,9.0
1.0,2,2.65902759996,1.0,0.11,1.0,10.0,10.0,1,10.0
1.0,4,5.36898309821,2.0,1.0,1.0,10.0,10.0,4,10.0
2.5,4,3.30441827608,2.0,0.0,2.0,0.0,0.0,2,0.0
1.0,3,0.310795549035,2.0,0.68,1.0,10.0,10.0,2,10.0
1.0,5,3.50721993666,5.0,0.11,1.0,4.0,10.0,1,10.0
1.0,2,1.28070636145,1.0,0.5,1.0,10.0,10.0,2,10.0
1.0,2,1.97097561768,1.0,0.41,1.0,10.0,10.0,1,10.0
1.0,4,0.905856066099,2.0,3.33,1.0,9.0,9.0,2,9.0
1.0,4,0.817126844841,3.0,2.76,0.0,9.0,10.0,2,10.0
1.0,4,0.380605712598,3.0,1.29,1.0,10.0,10.0,2,10.0
1.0,4,2.55885480107,3.0,0.23,3.0,10.0,10.0,1,10.0
1.0,2,3.62786789322,1.0,0.77,1.0,10.0,10.0,1,10.0
1.0,2,3.27301426908,1.0,0.96,1.0,10.0,10.0,1,9.0
1.5,2,1.79424355033,1.0,0.0,1.0,0.0,0.0,1,0.0
1.0,3,2.99164111396,2.0,1.4,1.0,10.0,10.0,1,10.0
1.0,2,3.06499347515,1.0,0.2,1.0,10.0,10.0,0,10.0
1.0,2,2.65535437027,1.0,1.0,1.0,10.0,2.0,1,2.0
1.0,4,2.48272183907,2.0,1.72,1.0,9.0,9.0,2,9.0
1.0,4,3.56552469824,2.0,0.13,2.0,9.0,8.0,2,9.0
1.0,2,0.983360167543,1.0,3.42,0.0,9.0,9.0,2,9.0
